-- generated by scripts/hex2mif.py from sw/npu_mlp/mlp_board.data.hex -- do not hand-edit (see 'make mif')
DEPTH = 16384;
WIDTH = 32;
ADDRESS_RADIX = HEX;
DATA_RADIX = HEX;
CONTENT BEGIN
0000 : 64617461;
0001 : FFFFF482;
0002 : FFFFEF3D;
0003 : FFFFFF34;
0004 : FFFFED13;
0005 : 00002FB1;
0006 : 00000A97;
0007 : FFFFE86E;
0008 : FFFFF7B3;
0009 : FFFFE2F0;
000A : 00001228;
000B : FFFFF05A;
000C : FFFFF34C;
000D : 0000146C;
000E : FFFFF3A0;
000F : FFFFEFE4;
0010 : 00001B3B;
0011 : FFFFCD3B;
0012 : 0000145E;
0013 : FFFFEAEE;
0014 : FFFFF906;
0015 : 00000B1C;
0016 : 00000EC7;
0017 : 0000033D;
0018 : FFFFFF23;
0019 : 000006CE;
001A : 0000148E;
001B : FFFFFED1;
001C : 00000C54;
001D : FFFFFDAE;
001E : FFFFE304;
001F : FFFFFFEF;
0020 : FFFFE9AD;
0021 : 0000022C;
0022 : FFFFFD86;
0023 : FFFFFCB7;
0024 : FFFFFF0F;
0025 : 000001B1;
0026 : FFFFFF81;
0027 : FFFFFEC0;
0028 : FFFFFD98;
0029 : 0000068D;
002A : 0000006F;
002B : 00000000;
002C : 00000000;
002D : D5BCF0FF;
002E : 4DF503C7;
002F : E635AFDD;
0030 : A62E0D17;
0031 : B9090EF2;
0032 : FDB0E3D8;
0033 : 16F638E8;
0034 : 5B06EA13;
0035 : FE2B2C11;
0036 : EA2D431B;
0037 : FBC637C2;
0038 : F4EC39FA;
0039 : 54BC1A07;
003A : A13A76BC;
003B : F308C93F;
003C : C8E8D00E;
003D : EE013901;
003E : 37EF4B4B;
003F : C50D504F;
0040 : 969FEC35;
0041 : 25F7DD17;
0042 : D75EE9E9;
0043 : B8FB29EF;
0044 : 2A31EE12;
0045 : 314514AB;
0046 : 0C250BFB;
0047 : 51F3095A;
0048 : EE0DF4FC;
0049 : 1F6A1415;
004A : D858CBE7;
004B : B4FB1DF6;
004C : E7F762EB;
004D : E2E7DB4C;
004E : D303CB24;
004F : 1DE9DDB3;
0050 : DD133684;
0051 : 20D084D6;
0052 : 2CC31472;
0053 : EF06B85F;
0054 : D15DCEF6;
0055 : F7E2DDBD;
0056 : 03BC0C08;
0057 : 5AE12215;
0058 : 6804DF16;
0059 : DC3C5CFC;
005A : 38FE482B;
005B : 3AF941B0;
005C : C905541A;
005D : 9C9CF3A6;
005E : 0DFF020D;
005F : 99F5C98F;
0060 : 42352D5C;
0061 : A2C62A15;
0062 : 3AF901AB;
0063 : 5FF7861C;
0064 : 09EDE8E8;
0065 : 2342263F;
0066 : DC193DCA;
0067 : CF130626;
0068 : 01030FE4;
0069 : F908E7CB;
006A : 0E7FDF3A;
006B : B3EF5329;
006C : 170FD209;
006D : 250F3CB7;
006E : EDCEA8D5;
006F : FB04BC21;
0070 : 0ECAC510;
0071 : 3E23DB46;
0072 : 21FBDA1B;
0073 : 1EF7EAF6;
0074 : 088A0FFC;
0075 : 4A0BA64A;
0076 : B9CA8FFD;
0077 : 3F512802;
0078 : 1411C6A1;
0079 : 3136F6F8;
007A : F19B0327;
007B : 100C2FF2;
007C : 1638EE1A;
007D : 00000000;
007E : 00000000;
007F : 00000000;
0080 : 00000000;
0081 : 00000000;
0082 : 00000000;
0083 : 00000000;
0084 : 00000000;
0085 : 00000000;
0086 : 00000000;
0087 : 00000000;
0088 : 00000000;
0089 : 00000000;
008A : 00000000;
008B : 00000000;
008C : 00000000;
008D : 00010207;
008E : 09040104;
008F : 06000905;
0090 : 05010009;
0091 : 04030709;
0092 : 05060609;
0093 : 04070004;
0094 : 01030100;
0095 : B0A4F9C0;
0096 : F8829299;
0097 : 00009080;
0098 : 00000000;
0099 : 00000000;
009A : 00000000;
009B : 00000000;
009C : 00000000;
009D : 00000000;
009E : 00000000;
009F : 00000000;
00A0 : 00000000;
00A1 : 00000000;
00A2 : 00000000;
00A3 : 00000000;
00A4 : 00000000;
00A5 : 00000000;
00A6 : 00000000;
00A7 : 00000000;
00A8 : 00000000;
00A9 : 00000000;
00AA : 00000000;
00AB : 00000000;
00AC : 00000000;
00AD : 00000000;
00AE : 00000000;
00AF : 00000000;
00B0 : 00000000;
00B1 : 00000000;
00B2 : 00000000;
00B3 : 00000000;
00B4 : 00000000;
00B5 : 00000000;
00B6 : 00000000;
00B7 : 00000000;
00B8 : 00000000;
00B9 : 00000000;
00BA : 00000000;
00BB : 00000000;
00BC : 00000000;
00BD : 00000000;
00BE : 00000000;
00BF : 00000000;
00C0 : 00000000;
00C1 : 00000000;
00C2 : 00000000;
00C3 : 00000000;
00C4 : 00000000;
00C5 : 00000000;
00C6 : 00000000;
00C7 : 00000000;
00C8 : 00000000;
00C9 : 00000000;
00CA : 5C2A0000;
00CB : 121E4B4F;
00CC : 00000000;
00CD : 00000000;
00CE : 00000000;
00CF : 00000000;
00D0 : 00000000;
00D1 : 7F6F0000;
00D2 : 787F7F7F;
00D3 : 63636363;
00D4 : 63636363;
00D5 : 00001A55;
00D6 : 00000000;
00D7 : 00000000;
00D8 : 39210000;
00D9 : 71513924;
00DA : 7F7F707F;
00DB : 7F727D7F;
00DC : 0000467F;
00DD : 00000000;
00DE : 00000000;
00DF : 00000000;
00E0 : 08000000;
00E1 : 21210721;
00E2 : 760A1D21;
00E3 : 0000357F;
00E4 : 00000000;
00E5 : 00000000;
00E6 : 00000000;
00E7 : 00000000;
00E8 : 00000000;
00E9 : 7E290000;
00EA : 00000968;
00EB : 00000000;
00EC : 00000000;
00ED : 00000000;
00EE : 00000000;
00EF : 00000000;
00F0 : 7F740B00;
00F1 : 00000029;
00F2 : 00000000;
00F3 : 00000000;
00F4 : 00000000;
00F5 : 00000000;
00F6 : 00000000;
00F7 : 777F4000;
00F8 : 00000016;
00F9 : 00000000;
00FA : 00000000;
00FB : 00000000;
00FC : 00000000;
00FD : 00000000;
00FE : 1F7F7C1D;
00FF : 00000000;
0100 : 00000000;
0101 : 00000000;
0102 : 00000000;
0103 : 00000000;
0104 : 00000000;
0105 : 025D7F42;
0106 : 00000000;
0107 : 00000000;
0108 : 00000000;
0109 : 00000000;
010A : 00000000;
010B : 04000000;
010C : 001D7C66;
010D : 00000000;
010E : 00000000;
010F : 00000000;
0110 : 00000000;
0111 : 00000000;
0112 : 3F000000;
0113 : 00005B7F;
0114 : 00000000;
0115 : 00000000;
0116 : 00000000;
0117 : 00000000;
0118 : 00000000;
0119 : 7D250000;
011A : 00001C78;
011B : 00000000;
011C : 00000000;
011D : 00000000;
011E : 00000000;
011F : 00000000;
0120 : 7F6E0900;
0121 : 00000053;
0122 : 00000000;
0123 : 00000000;
0124 : 00000000;
0125 : 00000000;
0126 : 00000000;
0127 : 6D7F6501;
0128 : 00000011;
0129 : 00000000;
012A : 00000000;
012B : 00000000;
012C : 00000000;
012D : 00000000;
012E : 267F7F13;
012F : 00000000;
0130 : 00000000;
0131 : 00000000;
0132 : 00000000;
0133 : 00000000;
0134 : 0F000000;
0135 : 00397F70;
0136 : 00000000;
0137 : 00000000;
0138 : 00000000;
0139 : 00000000;
013A : 00000000;
013B : 42000000;
013C : 001A7F7F;
013D : 00000000;
013E : 00000000;
013F : 00000000;
0140 : 00000000;
0141 : 00000000;
0142 : 791E0000;
0143 : 001A7F7F;
0144 : 00000000;
0145 : 00000000;
0146 : 00000000;
0147 : 00000000;
0148 : 00000000;
0149 : 7F3C0000;
014A : 00146D7F;
014B : 00000000;
014C : 00000000;
014D : 00000000;
014E : 00000000;
014F : 00000000;
0150 : 7F3C0000;
0151 : 00000967;
0152 : 00000000;
0153 : 00000000;
0154 : 00000000;
0155 : 00000000;
0156 : 00000000;
0157 : 00000000;
0158 : 00000000;
0159 : 00000000;
015A : 00000000;
015B : 00000000;
015C : 00000000;
015D : 00000000;
015E : 00000000;
015F : 00000000;
0160 : 00000000;
0161 : 00000000;
0162 : 00000000;
0163 : 00000000;
0164 : 00000000;
0165 : 00000000;
0166 : 00000000;
0167 : 00000000;
0168 : 00000000;
0169 : 00000000;
016A : 00000000;
016B : 00000000;
016C : 00000000;
016D : 00000000;
016E : 00000000;
016F : 00000000;
0170 : 00000000;
0171 : 00000000;
0172 : 00000000;
0173 : 3E3A0000;
0174 : 4B7F7F55;
0175 : 0000002E;
0176 : 00000000;
0177 : 00000000;
0178 : 00000000;
0179 : 00000000;
017A : 7E7E5400;
017B : 7E7E7E7E;
017C : 00000F6D;
017D : 00000000;
017E : 00000000;
017F : 00000000;
0180 : 00000000;
0181 : 7E7E7E54;
0182 : 7E58476A;
0183 : 00003D7E;
0184 : 00000000;
0185 : 00000000;
0186 : 00000000;
0187 : 1A000000;
0188 : 10697E7D;
0189 : 67030006;
018A : 0000467E;
018B : 00000000;
018C : 00000000;
018D : 00000000;
018E : 26000000;
018F : 000C697D;
0190 : 7C3D0000;
0191 : 0000207E;
0192 : 00000000;
0193 : 00000000;
0194 : 00000000;
0195 : 00000000;
0196 : 0000090F;
0197 : 7E680000;
0198 : 0000207E;
0199 : 00000000;
019A : 00000000;
019B : 00000000;
019C : 00000000;
019D : 00000000;
019E : 7E7B3A00;
019F : 00000563;
01A0 : 00000000;
01A1 : 00000000;
01A2 : 00000000;
01A3 : 00000000;
01A4 : 00000000;
01A5 : 737E7B26;
01A6 : 0000001F;
01A7 : 00000000;
01A8 : 00000000;
01A9 : 00000000;
01AA : 00000000;
01AB : 00000000;
01AC : 487E7E40;
01AD : 00000000;
01AE : 00000000;
01AF : 00000000;
01B0 : 00000000;
01B1 : 00000000;
01B2 : 58000000;
01B3 : 064F7E7B;
01B4 : 00000000;
01B5 : 00000000;
01B6 : 00000000;
01B7 : 00000000;
01B8 : 00000000;
01B9 : 750C0000;
01BA : 0011747E;
01BB : 00000000;
01BC : 00000000;
01BD : 00000000;
01BE : 00000000;
01BF : 00000000;
01C0 : 7E630000;
01C1 : 0000467E;
01C2 : 00000000;
01C3 : 00000000;
01C4 : 00000000;
01C5 : 00000000;
01C6 : 00000000;
01C7 : 7E7C2700;
01C8 : 0000065E;
01C9 : 00000000;
01CA : 00000000;
01CB : 00000000;
01CC : 00000000;
01CD : 00000000;
01CE : 7E7E6409;
01CF : 00000046;
01D0 : 00000000;
01D1 : 00000000;
01D2 : 00000000;
01D3 : 00000000;
01D4 : 00000000;
01D5 : 567E7E43;
01D6 : 00000006;
01D7 : 00000000;
01D8 : 00000000;
01D9 : 00000000;
01DA : 00000000;
01DB : 00000000;
01DC : 0C7E7E7C;
01DD : 00000000;
01DE : 00000000;
01DF : 00000000;
01E0 : 00000000;
01E1 : 00000000;
01E2 : 00000000;
01E3 : 157E7E7C;
01E4 : 0A0A0A0A;
01E5 : 0A020002;
01E6 : 4B4B120A;
01E7 : 0005494B;
01E8 : 00000000;
01E9 : 00000000;
01EA : 7E7E7E7C;
01EB : 7E7E7E7E;
01EC : 7E534754;
01ED : 7E7E7E7E;
01EE : 003D7E7E;
01EF : 00000000;
01F0 : 00000000;
01F1 : 7E7E7E57;
01F2 : 7E7E7E7E;
01F3 : 7E7E7E7E;
01F4 : 547B7B7C;
01F5 : 001C3A3A;
01F6 : 00000000;
01F7 : 00000000;
01F8 : 3D3D3B00;
01F9 : 7E7E533D;
01FA : 3D3D4D7E;
01FB : 00000014;
01FC : 00000000;
01FD : 00000000;
01FE : 00000000;
01FF : 00000000;
0200 : 00000000;
0201 : 00000000;
0202 : 00000000;
0203 : 00000000;
0204 : 00000000;
0205 : 00000000;
0206 : 00000000;
0207 : 00000000;
0208 : 00000000;
0209 : 00000000;
020A : 00000000;
020B : 00000000;
020C : 00000000;
020D : 00000000;
020E : 00000000;
020F : 00000000;
0210 : 00000000;
0211 : 00000000;
0212 : 00000000;
0213 : 00000000;
0214 : 00000000;
0215 : 00000000;
0216 : 00000000;
0217 : 00000000;
0218 : 00000000;
0219 : 00000000;
021A : 00000000;
021B : 00000000;
021C : 00000000;
021D : 00000000;
021E : 00000000;
021F : 00000000;
0220 : 00000000;
0221 : 00000000;
0222 : 00000000;
0223 : 00000000;
0224 : 00000000;
0225 : 00000000;
0226 : 00000000;
0227 : 00000000;
0228 : 00000000;
0229 : 00000000;
022A : 00000000;
022B : 00000000;
022C : 00000000;
022D : 00000000;
022E : 00000000;
022F : 00000000;
0230 : 00000000;
0231 : 00000000;
0232 : 00000000;
0233 : 00000000;
0234 : 00000000;
0235 : 00000000;
0236 : 00000000;
0237 : 00000000;
0238 : 00000000;
0239 : 00000000;
023A : 00000000;
023B : 00000000;
023C : 00000000;
023D : 00000000;
023E : 00000000;
023F : 00000000;
0240 : 00367F13;
0241 : 00000000;
0242 : 00000000;
0243 : 00000000;
0244 : 00000000;
0245 : 00000000;
0246 : 00000000;
0247 : 00297E2B;
0248 : 00000000;
0249 : 00000000;
024A : 00000000;
024B : 00000000;
024C : 00000000;
024D : 00000000;
024E : 00007843;
024F : 00000000;
0250 : 00000000;
0251 : 00000000;
0252 : 00000000;
0253 : 00000000;
0254 : 16000000;
0255 : 00004B7A;
0256 : 00000000;
0257 : 00000000;
0258 : 00000000;
0259 : 00000000;
025A : 00000000;
025B : 2A000000;
025C : 00001F7F;
025D : 00000000;
025E : 00000000;
025F : 00000000;
0260 : 00000000;
0261 : 00000000;
0262 : 65000000;
0263 : 0000056F;
0264 : 00000000;
0265 : 00000000;
0266 : 00000000;
0267 : 00000000;
0268 : 00000000;
0269 : 7F100000;
026A : 0000006C;
026B : 00000000;
026C : 00000000;
026D : 00000000;
026E : 00000000;
026F : 00000000;
0270 : 7F2F0000;
0271 : 00000061;
0272 : 00000000;
0273 : 00000000;
0274 : 00000000;
0275 : 00000000;
0276 : 00000000;
0277 : 7F460000;
0278 : 00000026;
0279 : 00000000;
027A : 00000000;
027B : 00000000;
027C : 00000000;
027D : 00000000;
027E : 66761C00;
027F : 00000004;
0280 : 00000000;
0281 : 00000000;
0282 : 00000000;
0283 : 00000000;
0284 : 00000000;
0285 : 527F3E00;
0286 : 00000000;
0287 : 00000000;
0288 : 00000000;
0289 : 00000000;
028A : 00000000;
028B : 00000000;
028C : 287F5500;
028D : 00000000;
028E : 00000000;
028F : 00000000;
0290 : 00000000;
0291 : 00000000;
0292 : 00000000;
0293 : 006B740C;
0294 : 00000000;
0295 : 00000000;
0296 : 00000000;
0297 : 00000000;
0298 : 00000000;
0299 : 00000000;
029A : 004F7F3C;
029B : 00000000;
029C : 00000000;
029D : 00000000;
029E : 00000000;
029F : 00000000;
02A0 : 00000000;
02A1 : 00477F4B;
02A2 : 00000000;
02A3 : 00000000;
02A4 : 00000000;
02A5 : 00000000;
02A6 : 00000000;
02A7 : 00000000;
02A8 : 00217F72;
02A9 : 00000000;
02AA : 00000000;
02AB : 00000000;
02AC : 00000000;
02AD : 00000000;
02AE : 1E000000;
02AF : 00217F7D;
02B0 : 00000000;
02B1 : 00000000;
02B2 : 00000000;
02B3 : 00000000;
02B4 : 00000000;
02B5 : 46000000;
02B6 : 0001667F;
02B7 : 00000000;
02B8 : 00000000;
02B9 : 00000000;
02BA : 00000000;
02BB : 00000000;
02BC : 6B050000;
02BD : 00003C7F;
02BE : 00000000;
02BF : 00000000;
02C0 : 00000000;
02C1 : 00000000;
02C2 : 00000000;
02C3 : 63020000;
02C4 : 00000558;
02C5 : 00000000;
02C6 : 00000000;
02C7 : 00000000;
02C8 : 00000000;
02C9 : 00000000;
02CA : 00000000;
02CB : 00000000;
02CC : 00000000;
02CD : 00000000;
02CE : 00000000;
02CF : 00000000;
02D0 : 00000000;
02D1 : 00000000;
02D2 : 00000000;
02D3 : 00000000;
02D4 : 00000000;
02D5 : 00000000;
02D6 : 00000000;
02D7 : 00000000;
02D8 : 00000000;
02D9 : 00000000;
02DA : 00000000;
02DB : 00000000;
02DC : 00000000;
02DD : 00000000;
02DE : 00000000;
02DF : 00000000;
02E0 : 00000000;
02E1 : 00000000;
02E2 : 00000000;
02E3 : 00000000;
02E4 : 00000000;
02E5 : 00000000;
02E6 : 00000000;
02E7 : 00000000;
02E8 : 00000000;
02E9 : 00000000;
02EA : 00000000;
02EB : 00000000;
02EC : 00000000;
02ED : 00000000;
02EE : 00000000;
02EF : 00000000;
02F0 : 00000000;
02F1 : 00000000;
02F2 : 00000000;
02F3 : 00000000;
02F4 : 00000000;
02F5 : 00000000;
02F6 : 00000000;
02F7 : 00000000;
02F8 : 00000000;
02F9 : 00000000;
02FA : 00000000;
02FB : 00000000;
02FC : 00000000;
02FD : 00000000;
02FE : 00000000;
02FF : 00000000;
0300 : 00000000;
0301 : 00000000;
0302 : 00000000;
0303 : 657E4B05;
0304 : 0000000F;
0305 : 00000000;
0306 : 00000000;
0307 : 00000000;
0308 : 00000000;
0309 : 00000000;
030A : 7E7D7D12;
030B : 00000035;
030C : 00000000;
030D : 00000000;
030E : 00000000;
030F : 00000000;
0310 : 0A000000;
0311 : 7E7D7D62;
0312 : 00000035;
0313 : 00000000;
0314 : 00000000;
0315 : 00000000;
0316 : 00000000;
0317 : 5F370000;
0318 : 7E7D7D7D;
0319 : 001F3654;
031A : 00000000;
031B : 00000000;
031C : 00000000;
031D : 00000000;
031E : 7D7E0000;
031F : 7E7D7D7D;
0320 : 196E7D7D;
0321 : 00000000;
0322 : 00000000;
0323 : 00000000;
0324 : 00000000;
0325 : 7E7F5B00;
0326 : 757E7E7E;
0327 : 7E7E7E6F;
0328 : 00000000;
0329 : 00000000;
032A : 00000000;
032B : 00000000;
032C : 7D7E6E1F;
032D : 26497D7D;
032E : 7D7D401F;
032F : 00000034;
0330 : 00000000;
0331 : 00000000;
0332 : 10000000;
0333 : 7D7E7D73;
0334 : 0005446E;
0335 : 7D730F00;
0336 : 00023879;
0337 : 00000000;
0338 : 00000000;
0339 : 12000000;
033A : 5E7E7D7D;
033B : 0000000A;
033C : 7D360000;
033D : 00117D7E;
033E : 00000000;
033F : 00000000;
0340 : 12000000;
0341 : 0F647D7D;
0342 : 00000000;
0343 : 640F0000;
0344 : 00117D7E;
0345 : 00000000;
0346 : 00000000;
0347 : 12000000;
0348 : 00007E7E;
0349 : 00000000;
034A : 65100000;
034B : 00527E7F;
034C : 00000000;
034D : 00000000;
034E : 46000000;
034F : 00007D7D;
0350 : 00000000;
0351 : 7D360000;
0352 : 00117D7E;
0353 : 00000000;
0354 : 00000000;
0355 : 6C000000;
0356 : 00007D7D;
0357 : 00000000;
0358 : 7D731F0A;
0359 : 000F737E;
035A : 00000000;
035B : 00000000;
035C : 6C000000;
035D : 00007D7D;
035E : 00000000;
035F : 7D7D7D48;
0360 : 00001E6E;
0361 : 00000000;
0362 : 00000000;
0363 : 6C000000;
0364 : 00007D7D;
0365 : 5B000000;
0366 : 7D7D7D6E;
0367 : 0000005A;
0368 : 00000000;
0369 : 00000000;
036A : 6D000000;
036B : 24247E7E;
036C : 7F7E7E72;
036D : 7E7E7E7E;
036E : 00000000;
036F : 00000000;
0370 : 00000000;
0371 : 38000000;
0372 : 7D7E7D7D;
0373 : 7E7D7D7D;
0374 : 497D7D7D;
0375 : 00000000;
0376 : 00000000;
0377 : 00000000;
0378 : 0F000000;
0379 : 7D7E7D73;
037A : 7E7D7D7D;
037B : 05115E73;
037C : 00000000;
037D : 00000000;
037E : 00000000;
037F : 00000000;
0380 : 7D7E471F;
0381 : 7E7D7D7D;
0382 : 00000035;
0383 : 00000000;
0384 : 00000000;
0385 : 00000000;
0386 : 00000000;
0387 : 57240000;
0388 : 2423567D;
0389 : 0000000F;
038A : 00000000;
038B : 00000000;
038C : 00000000;
038D : 00000000;
038E : 00000000;
038F : 00000000;
0390 : 00000000;
0391 : 00000000;
0392 : 00000000;
0393 : 00000000;
0394 : 00000000;
0395 : 00000000;
0396 : 00000000;
0397 : 00000000;
0398 : 00000000;
0399 : 00000000;
039A : 00000000;
039B : 00000000;
039C : 00000000;
039D : 00000000;
039E : 00000000;
039F : 00000000;
03A0 : 00000000;
03A1 : 00000000;
03A2 : 00000000;
03A3 : 00000000;
03A4 : 00000000;
03A5 : 00000000;
03A6 : 00000000;
03A7 : 00000000;
03A8 : 00000000;
03A9 : 00000000;
03AA : 00000000;
03AB : 00000000;
03AC : 00000000;
03AD : 00000000;
03AE : 00000000;
03AF : 00000000;
03B0 : 00000000;
03B1 : 00000000;
03B2 : 00000000;
03B3 : 00000000;
03B4 : 00000000;
03B5 : 00000000;
03B6 : 00000000;
03B7 : 00000000;
03B8 : 00000000;
03B9 : 00000000;
03BA : 00000000;
03BB : 00000000;
03BC : 00000000;
03BD : 00000000;
03BE : 00000000;
03BF : 00000000;
03C0 : 00000000;
03C1 : 00000000;
03C2 : 00000000;
03C3 : 00000000;
03C4 : 00000000;
03C5 : 00000000;
03C6 : 00000000;
03C7 : 00000000;
03C8 : 00000000;
03C9 : 00000000;
03CA : 00000000;
03CB : 00000000;
03CC : 00000000;
03CD : 70190000;
03CE : 00000000;
03CF : 23000000;
03D0 : 0000000E;
03D1 : 00000000;
03D2 : 00000000;
03D3 : 00000000;
03D4 : 733C0000;
03D5 : 00000000;
03D6 : 4A000000;
03D7 : 00000054;
03D8 : 00000000;
03D9 : 00000000;
03DA : 00000000;
03DB : 73610200;
03DC : 00000000;
03DD : 30000000;
03DE : 00000569;
03DF : 00000000;
03E0 : 00000000;
03E1 : 00000000;
03E2 : 437E2200;
03E3 : 00000000;
03E4 : 39000000;
03E5 : 00000A7E;
03E6 : 00000000;
03E7 : 00000000;
03E8 : 00000000;
03E9 : 066C7616;
03EA : 00000000;
03EB : 60000000;
03EC : 00000A7E;
03ED : 00000000;
03EE : 00000000;
03EF : 00000000;
03F0 : 001A7B54;
03F1 : 00000000;
03F2 : 7F090000;
03F3 : 00000A7E;
03F4 : 00000000;
03F5 : 00000000;
03F6 : 2A000000;
03F7 : 00006979;
03F8 : 00000000;
03F9 : 7E460000;
03FA : 0000025E;
03FB : 00000000;
03FC : 00000000;
03FD : 54000000;
03FE : 0000357E;
03FF : 00000000;
0400 : 7D741000;
0401 : 00000021;
0402 : 00000000;
0403 : 00000000;
0404 : 70070000;
0405 : 0000007E;
0406 : 00000000;
0407 : 697E4300;
0408 : 00000000;
0409 : 00000000;
040A : 00000000;
040B : 7E0B0000;
040C : 00000052;
040D : 00000000;
040E : 537E5400;
040F : 00000000;
0410 : 00000000;
0411 : 00000000;
0412 : 66040000;
0413 : 00000968;
0414 : 00000000;
0415 : 357E7E0B;
0416 : 00000000;
0417 : 00000000;
0418 : 00000000;
0419 : 54000000;
041A : 2A2A637E;
041B : 52402A2A;
041C : 357E7E61;
041D : 00000000;
041E : 00000000;
041F : 00000000;
0420 : 14000000;
0421 : 7E7E7A55;
0422 : 73747E7E;
0423 : 047E7E7D;
0424 : 00000000;
0425 : 00000000;
0426 : 00000000;
0427 : 00000000;
0428 : 2A2A1800;
0429 : 00002A2A;
042A : 007E7E50;
042B : 00000000;
042C : 00000000;
042D : 00000000;
042E : 00000000;
042F : 00000000;
0430 : 00000000;
0431 : 167E7E3F;
0432 : 00000000;
0433 : 00000000;
0434 : 00000000;
0435 : 00000000;
0436 : 00000000;
0437 : 00000000;
0438 : 007E7E40;
0439 : 00000000;
043A : 00000000;
043B : 00000000;
043C : 00000000;
043D : 00000000;
043E : 00000000;
043F : 007E7E3F;
0440 : 00000000;
0441 : 00000000;
0442 : 00000000;
0443 : 00000000;
0444 : 00000000;
0445 : 00000000;
0446 : 007A7E43;
0447 : 00000000;
0448 : 00000000;
0449 : 00000000;
044A : 00000000;
044B : 00000000;
044C : 00000000;
044D : 00377674;
044E : 00000000;
044F : 00000000;
0450 : 00000000;
0451 : 00000000;
0452 : 00000000;
0453 : 00000000;
0454 : 00002159;
0455 : 00000000;
0456 : 00000000;
0457 : 00000000;
0458 : 00000000;
0459 : 00000000;
045A : 00000000;
045B : 00000000;
045C : 00000000;
045D : 00000000;
045E : 00000000;
045F : 00000000;
0460 : 00000000;
0461 : 00000000;
0462 : 00000000;
0463 : 00000000;
0464 : 00000000;
0465 : 00000000;
0466 : 00000000;
0467 : 00000000;
0468 : 00000000;
0469 : 00000000;
046A : 00000000;
046B : 00000000;
046C : 00000000;
046D : 00000000;
046E : 00000000;
046F : 00000000;
0470 : 00000000;
0471 : 00000000;
0472 : 00000000;
0473 : 00000000;
0474 : 00000000;
0475 : 00000000;
0476 : 00000000;
0477 : 00000000;
0478 : 00000000;
0479 : 00000000;
047A : 00000000;
047B : 00000000;
047C : 00000000;
047D : 00000000;
047E : 00000000;
047F : 00000000;
0480 : 00000000;
0481 : 00000000;
0482 : 00000000;
0483 : 00000000;
0484 : 00000000;
0485 : 00000000;
0486 : 00000000;
0487 : 00000000;
0488 : 00000000;
0489 : 00000000;
048A : 00000000;
048B : 00000000;
048C : 00000000;
048D : 00000000;
048E : 00000000;
048F : 00000000;
0490 : 00000000;
0491 : 00000000;
0492 : 00000000;
0493 : 01357F26;
0494 : 00000000;
0495 : 00000000;
0496 : 00000000;
0497 : 00000000;
0498 : 00000000;
0499 : 09000000;
049A : 047F7F71;
049B : 00000000;
049C : 00000000;
049D : 00000000;
049E : 00000000;
049F : 00000000;
04A0 : 28000000;
04A1 : 00527F7F;
04A2 : 00000000;
04A3 : 00000000;
04A4 : 00000000;
04A5 : 00000000;
04A6 : 00000000;
04A7 : 65030000;
04A8 : 00247F7F;
04A9 : 00000000;
04AA : 00000000;
04AB : 00000000;
04AC : 00000000;
04AD : 00000000;
04AE : 7F1A0000;
04AF : 00007D7F;
04B0 : 00000000;
04B1 : 00000000;
04B2 : 00000000;
04B3 : 00000000;
04B4 : 00000000;
04B5 : 7F430000;
04B6 : 00005A7F;
04B7 : 00000000;
04B8 : 00000000;
04B9 : 00000000;
04BA : 00000000;
04BB : 00000000;
04BC : 7F620000;
04BD : 0000187C;
04BE : 00000000;
04BF : 00000000;
04C0 : 00000000;
04C1 : 00000000;
04C2 : 00000000;
04C3 : 7F7F1D00;
04C4 : 00000076;
04C5 : 00000000;
04C6 : 00000000;
04C7 : 00000000;
04C8 : 00000000;
04C9 : 00000000;
04CA : 7F7F3700;
04CB : 00000042;
04CC : 00000000;
04CD : 00000000;
04CE : 00000000;
04CF : 00000000;
04D0 : 00000000;
04D1 : 777F5100;
04D2 : 0000000E;
04D3 : 00000000;
04D4 : 00000000;
04D5 : 00000000;
04D6 : 00000000;
04D7 : 00000000;
04D8 : 6F7F7E1E;
04D9 : 00000000;
04DA : 00000000;
04DB : 00000000;
04DC : 00000000;
04DD : 00000000;
04DE : 00000000;
04DF : 4D7F7F27;
04E0 : 00000000;
04E1 : 00000000;
04E2 : 00000000;
04E3 : 00000000;
04E4 : 00000000;
04E5 : 00000000;
04E6 : 1A777F51;
04E7 : 00000000;
04E8 : 00000000;
04E9 : 00000000;
04EA : 00000000;
04EB : 00000000;
04EC : 0E000000;
04ED : 00697F7E;
04EE : 00000000;
04EF : 00000000;
04F0 : 00000000;
04F1 : 00000000;
04F2 : 00000000;
04F3 : 2B000000;
04F4 : 00417F7F;
04F5 : 00000000;
04F6 : 00000000;
04F7 : 00000000;
04F8 : 00000000;
04F9 : 00000000;
04FA : 34000000;
04FB : 000A757F;
04FC : 00000000;
04FD : 00000000;
04FE : 00000000;
04FF : 00000000;
0500 : 00000000;
0501 : 57000000;
0502 : 0002667F;
0503 : 00000000;
0504 : 00000000;
0505 : 00000000;
0506 : 00000000;
0507 : 00000000;
0508 : 69020000;
0509 : 0000627F;
050A : 00000000;
050B : 00000000;
050C : 00000000;
050D : 00000000;
050E : 00000000;
050F : 4F010000;
0510 : 0000507F;
0511 : 00000000;
0512 : 00000000;
0513 : 00000000;
0514 : 00000000;
0515 : 00000000;
0516 : 0D000000;
0517 : 0000354E;
0518 : 00000000;
0519 : 00000000;
051A : 00000000;
051B : 00000000;
051C : 00000000;
051D : 00000000;
051E : 00000000;
051F : 00000000;
0520 : 00000000;
0521 : 00000000;
0522 : 00000000;
0523 : 00000000;
0524 : 00000000;
0525 : 00000000;
0526 : 00000000;
0527 : 00000000;
0528 : 00000000;
0529 : 00000000;
052A : 00000000;
052B : 00000000;
052C : 00000000;
052D : 00000000;
052E : 00000000;
052F : 00000000;
0530 : 00000000;
0531 : 00000000;
0532 : 00000000;
0533 : 00000000;
0534 : 00000000;
0535 : 00000000;
0536 : 00000000;
0537 : 00000000;
0538 : 00000000;
0539 : 00000000;
053A : 00000000;
053B : 00000000;
053C : 00000000;
053D : 00000000;
053E : 00000000;
053F : 00000000;
0540 : 00000000;
0541 : 00000000;
0542 : 00000000;
0543 : 00000000;
0544 : 00000000;
0545 : 00000000;
0546 : 00000000;
0547 : 00000000;
0548 : 00000000;
0549 : 00000000;
054A : 00000000;
054B : 00000000;
054C : 00000000;
054D : 00000000;
054E : 00000000;
054F : 00000000;
0550 : 00000000;
0551 : 00000000;
0552 : 00000000;
0553 : 00000000;
0554 : 00000000;
0555 : 43600B00;
0556 : 00000010;
0557 : 00000000;
0558 : 02260700;
0559 : 00000000;
055A : 00000000;
055B : 00000000;
055C : 547D7508;
055D : 00000000;
055E : 00000000;
055F : 12786E07;
0560 : 00000000;
0561 : 00000000;
0562 : 0A000000;
0563 : 00497E5E;
0564 : 00000000;
0565 : 00000000;
0566 : 00327E45;
0567 : 00000000;
0568 : 00000000;
0569 : 23000000;
056A : 000A7E7E;
056B : 00000000;
056C : 15000000;
056D : 0006567F;
056E : 00000000;
056F : 00000000;
0570 : 4C0B0000;
0571 : 0000307E;
0572 : 00000000;
0573 : 73150000;
0574 : 00002E7F;
0575 : 00000000;
0576 : 00000000;
0577 : 7F510000;
0578 : 00000566;
0579 : 00000000;
057A : 7F340000;
057B : 0000004F;
057C : 00000000;
057D : 00000000;
057E : 7E510000;
057F : 00000259;
0580 : 00000000;
0581 : 7E764104;
0582 : 00000000;
0583 : 00000000;
0584 : 00000000;
0585 : 7E510000;
0586 : 23575F7E;
0587 : 42232323;
0588 : 547E7E62;
0589 : 00000000;
058A : 00000000;
058B : 00000000;
058C : 72190000;
058D : 7E7F7E7E;
058E : 7F7E7E7E;
058F : 116D7E7E;
0590 : 00000000;
0591 : 00000000;
0592 : 00000000;
0593 : 08000000;
0594 : 747F4420;
0595 : 16444444;
0596 : 00507E7E;
0597 : 00000000;
0598 : 00000000;
0599 : 00000000;
059A : 00000000;
059B : 00000000;
059C : 11000000;
059D : 000A677F;
059E : 00000000;
059F : 00000000;
05A0 : 00000000;
05A1 : 00000000;
05A2 : 00000000;
05A3 : 50000000;
05A4 : 0000227E;
05A5 : 00000000;
05A6 : 00000000;
05A7 : 00000000;
05A8 : 00000000;
05A9 : 00000000;
05AA : 7F2A0000;
05AB : 00001978;
05AC : 00000000;
05AD : 00000000;
05AE : 00000000;
05AF : 00000000;
05B0 : 00000000;
05B1 : 7F4F0000;
05B2 : 00000052;
05B3 : 00000000;
05B4 : 00000000;
05B5 : 00000000;
05B6 : 00000000;
05B7 : 00000000;
05B8 : 7A730000;
05B9 : 00000019;
05BA : 00000000;
05BB : 00000000;
05BC : 00000000;
05BD : 00000000;
05BE : 00000000;
05BF : 747F3400;
05C0 : 00000000;
05C1 : 00000000;
05C2 : 00000000;
05C3 : 00000000;
05C4 : 00000000;
05C5 : 00000000;
05C6 : 4E7E6800;
05C7 : 000F0600;
05C8 : 00000000;
05C9 : 00000000;
05CA : 00000000;
05CB : 00000000;
05CC : 00000000;
05CD : 4D7E6800;
05CE : 0050662D;
05CF : 00000000;
05D0 : 00000000;
05D1 : 00000000;
05D2 : 00000000;
05D3 : 00000000;
05D4 : 7F7E6800;
05D5 : 000E4D7E;
05D6 : 00000000;
05D7 : 00000000;
05D8 : 00000000;
05D9 : 00000000;
05DA : 00000000;
05DB : 405F1E00;
05DC : 0000030B;
05DD : 00000000;
05DE : 00000000;
05DF : 00000000;
05E0 : 00000000;
05E1 : 00000000;
05E2 : 00000000;
05E3 : 00000000;
05E4 : 00000000;
05E5 : 00000000;
05E6 : 00000000;
05E7 : 00000000;
05E8 : 00000000;
05E9 : 00000000;
05EA : 00000000;
05EB : 00000000;
05EC : 00000000;
05ED : 00000000;
05EE : 00000000;
05EF : 00000000;
05F0 : 00000000;
05F1 : 00000000;
05F2 : 00000000;
05F3 : 00000000;
05F4 : 00000000;
05F5 : 00000000;
05F6 : 00000000;
05F7 : 00000000;
05F8 : 00000000;
05F9 : 00000000;
05FA : 00000000;
05FB : 00000000;
05FC : 00000000;
05FD : 00000000;
05FE : 00000000;
05FF : 00000000;
0600 : 00000000;
0601 : 00000000;
0602 : 00000000;
0603 : 00000000;
0604 : 00000000;
0605 : 00000000;
0606 : 00000000;
0607 : 00000000;
0608 : 00000000;
0609 : 00000000;
060A : 00000000;
060B : 00000000;
060C : 00000000;
060D : 00000000;
060E : 00000000;
060F : 00000000;
0610 : 00000000;
0611 : 00000000;
0612 : 00000000;
0613 : 00000000;
0614 : 00000000;
0615 : 00000000;
0616 : 00000000;
0617 : 00000000;
0618 : 00000000;
0619 : 00000000;
061A : 00000000;
061B : 00000000;
061C : 00000000;
061D : 00000000;
061E : 00000000;
061F : 00000000;
0620 : 07000000;
0621 : 0002604A;
0622 : 00000000;
0623 : 00000000;
0624 : 00000000;
0625 : 00000000;
0626 : 00000000;
0627 : 702D0000;
0628 : 00097E7E;
0629 : 00000000;
062A : 00000000;
062B : 00000000;
062C : 00000000;
062D : 00000000;
062E : 7F750E00;
062F : 09537E7E;
0630 : 00000000;
0631 : 00000000;
0632 : 00000000;
0633 : 00000000;
0634 : 00000000;
0635 : 7F7E4800;
0636 : 777E7E7E;
0637 : 00000339;
0638 : 00000000;
0639 : 00000000;
063A : 00000000;
063B : 00000000;
063C : 687E780F;
063D : 7E7E7E5C;
063E : 00000C73;
063F : 00000000;
0640 : 00000000;
0641 : 00000000;
0642 : 00000000;
0643 : 00607F27;
0644 : 7F6D3104;
0645 : 0009647F;
0646 : 00000000;
0647 : 00000000;
0648 : 00000000;
0649 : 00000000;
064A : 00287E2B;
064B : 7E5B0000;
064C : 00065F7F;
064D : 00000000;
064E : 00000000;
064F : 00000000;
0650 : 00000000;
0651 : 004D7E57;
0652 : 7E750000;
0653 : 0000437F;
0654 : 00000000;
0655 : 00000000;
0656 : 00000000;
0657 : 00000000;
0658 : 14687E2B;
0659 : 767D532A;
065A : 0015767F;
065B : 00000000;
065C : 00000000;
065D : 00000000;
065E : 00000000;
065F : 7F7E7709;
0660 : 125C7E7E;
0661 : 004C7E6C;
0662 : 00000000;
0663 : 00000000;
0664 : 00000000;
0665 : 00000000;
0666 : 7F782200;
0667 : 0004487F;
0668 : 116F7F43;
0669 : 00000000;
066A : 00000000;
066B : 00000000;
066C : 00000000;
066D : 4F220000;
066E : 00000647;
066F : 507E5704;
0670 : 00000000;
0671 : 00000000;
0672 : 00000000;
0673 : 00000000;
0674 : 00000000;
0675 : 00000000;
0676 : 717E2C00;
0677 : 00000009;
0678 : 00000000;
0679 : 00000000;
067A : 00000000;
067B : 00000000;
067C : 00000000;
067D : 7E530100;
067E : 0000003F;
067F : 00000000;
0680 : 00000000;
0681 : 00000000;
0682 : 00000000;
0683 : 00000000;
0684 : 7A180000;
0685 : 0000137E;
0686 : 00000000;
0687 : 00000000;
0688 : 00000000;
0689 : 00000000;
068A : 00000000;
068B : 39000000;
068C : 0004567F;
068D : 00000000;
068E : 00000000;
068F : 00000000;
0690 : 00000000;
0691 : 00000000;
0692 : 0A000000;
0693 : 00177F6D;
0694 : 00000000;
0695 : 00000000;
0696 : 00000000;
0697 : 00000000;
0698 : 00000000;
0699 : 00000000;
069A : 00527F0F;
069B : 00000000;
069C : 00000000;
069D : 00000000;
069E : 00000000;
069F : 00000000;
06A0 : 00000000;
06A1 : 157A5D00;
06A2 : 00000000;
06A3 : 00000000;
06A4 : 00000000;
06A5 : 00000000;
06A6 : 00000000;
06A7 : 00000000;
06A8 : 276F0700;
06A9 : 00000000;
06AA : 00000000;
06AB : 00000000;
06AC : 00000000;
06AD : 00000000;
06AE : 00000000;
06AF : 00000000;
06B0 : 00000000;
06B1 : 00000000;
06B2 : 00000000;
06B3 : 00000000;
06B4 : 00000000;
06B5 : 00000000;
06B6 : 00000000;
06B7 : 00000000;
06B8 : 00000000;
06B9 : 00000000;
06BA : 00000000;
06BB : 00000000;
06BC : 00000000;
06BD : 00000000;
06BE : 00000000;
06BF : 00000000;
06C0 : 00000000;
06C1 : 00000000;
06C2 : 00000000;
06C3 : 00000000;
06C4 : 00000000;
06C5 : 00000000;
06C6 : 00000000;
06C7 : 00000000;
06C8 : 00000000;
06C9 : 00000000;
06CA : 00000000;
06CB : 00000000;
06CC : 00000000;
06CD : 00000000;
06CE : 00000000;
06CF : 00000000;
06D0 : 00000000;
06D1 : 00000000;
06D2 : 00000000;
06D3 : 00000000;
06D4 : 00000000;
06D5 : 00000000;
06D6 : 00000000;
06D7 : 00000000;
06D8 : 17170800;
06D9 : 2A400817;
06DA : 00000017;
06DB : 00000000;
06DC : 00000000;
06DD : 00000000;
06DE : 25000000;
06DF : 7E7E6C4C;
06E0 : 7E7B6B7E;
06E1 : 0000007E;
06E2 : 00000000;
06E3 : 00000000;
06E4 : 00000000;
06E5 : 7E7A4711;
06E6 : 7E7E7E7E;
06E7 : 7E7E7E7E;
06E8 : 0000007E;
06E9 : 00000000;
06EA : 00000000;
06EB : 00000000;
06EC : 7E7E7E1F;
06ED : 7E7E7E7E;
06EE : 5555556A;
06EF : 00000055;
06F0 : 00000000;
06F1 : 00000000;
06F2 : 0024420A;
06F3 : 7771771C;
06F4 : 0A223E54;
06F5 : 00000005;
06F6 : 00000000;
06F7 : 00000000;
06F8 : 05000000;
06F9 : 00277E67;
06FA : 0F001000;
06FB : 00000001;
06FC : 00000000;
06FD : 00000000;
06FE : 00000000;
06FF : 58030000;
0700 : 0005427E;
0701 : 00000000;
0702 : 00000000;
0703 : 00000000;
0704 : 00000000;
0705 : 00000000;
0706 : 7E420600;
0707 : 00000774;
0708 : 00000000;
0709 : 00000000;
070A : 00000000;
070B : 00000000;
070C : 00000000;
070D : 6F7E2E00;
070E : 0000000E;
070F : 00000000;
0710 : 00000000;
0711 : 00000000;
0712 : 00000000;
0713 : 00000000;
0714 : 577E4B00;
0715 : 00000000;
0716 : 00000000;
0717 : 00000000;
0718 : 00000000;
0719 : 00000000;
071A : 00000000;
071B : 7B7E7500;
071C : 0000183F;
071D : 00000000;
071E : 00000000;
071F : 00000000;
0720 : 00000000;
0721 : 00000000;
0722 : 7E7E7F00;
0723 : 2D497D7E;
0724 : 15152A3C;
0725 : 00000E2A;
0726 : 00000000;
0727 : 00000000;
0728 : 00000000;
0729 : 7E7E4500;
072A : 7E7E7E7E;
072B : 7E7E7E7E;
072C : 0054747E;
072D : 00000000;
072E : 00000000;
072F : 00000000;
0730 : 6D1A0100;
0731 : 7E7E7D6F;
0732 : 7E7E7E7E;
0733 : 3E7E7E7E;
0734 : 00000000;
0735 : 00000000;
0736 : 00000000;
0737 : 00000000;
0738 : 64242100;
0739 : 7E7E7E7E;
073A : 577E7E7E;
073B : 00000000;
073C : 00000000;
073D : 00000000;
073E : 00000000;
073F : 3C000000;
0740 : 194C7C7E;
0741 : 577E7E52;
0742 : 00000000;
0743 : 00000000;
0744 : 00000000;
0745 : 00000000;
0746 : 19000000;
0747 : 5E7E7E7E;
0748 : 4A7E7E7E;
0749 : 00000000;
074A : 00000000;
074B : 00000000;
074C : 00000000;
074D : 04000000;
074E : 7E7E7E53;
074F : 05577D7E;
0750 : 00000000;
0751 : 00000000;
0752 : 00000000;
0753 : 00000000;
0754 : 00000000;
0755 : 7E735A0B;
0756 : 0000406E;
0757 : 00000000;
0758 : 00000000;
0759 : 00000000;
075A : 00000000;
075B : 00000000;
075C : 4A2E0000;
075D : 0000000B;
075E : 00000000;
075F : 00000000;
0760 : 00000000;
0761 : 00000000;
0762 : 00000000;
0763 : 00000000;
0764 : 00000000;
0765 : 00000000;
0766 : 00000000;
0767 : 00000000;
0768 : 00000000;
0769 : 00000000;
076A : 00000000;
076B : 00000000;
076C : 00000000;
076D : 00000000;
076E : 00000000;
076F : 00000000;
0770 : 00000000;
0771 : 00000000;
0772 : 00000000;
0773 : 00000000;
0774 : 00000000;
0775 : 00000000;
0776 : 00000000;
0777 : 00000000;
0778 : 00000000;
0779 : 00000000;
077A : 00000000;
077B : 00000000;
077C : 00000000;
077D : 00000000;
077E : 00000000;
077F : 00000000;
0780 : 00000000;
0781 : 00000000;
0782 : 00000000;
0783 : 00000000;
0784 : 00000000;
0785 : 00000000;
0786 : 00000000;
0787 : 00000000;
0788 : 00000000;
0789 : 00000000;
078A : 00000000;
078B : 00000000;
078C : 00000000;
078D : 00000000;
078E : 00000000;
078F : 00000000;
0790 : 00000000;
0791 : 00000000;
0792 : 00000000;
0793 : 00000000;
0794 : 00000000;
0795 : 00000000;
0796 : 00000000;
0797 : 00000000;
0798 : 00000000;
0799 : 00000000;
079A : 00000000;
079B : 00000000;
079C : 00000000;
079D : 00000000;
079E : 00000000;
079F : 00000000;
07A0 : 00000000;
07A1 : 00000000;
07A2 : 00000000;
07A3 : 00000000;
07A4 : 00000000;
07A5 : 00000000;
07A6 : 00000000;
07A7 : 00000000;
07A8 : 00000000;
07A9 : 00000000;
07AA : 00000000;
07AB : 00000000;
07AC : 00000000;
07AD : 00000000;
07AE : 00000000;
07AF : 00000000;
07B0 : 441C1200;
07B1 : 122F6364;
07B2 : 00000000;
07B3 : 00000000;
07B4 : 00000000;
07B5 : 00000000;
07B6 : 16000000;
07B7 : 7F7F754C;
07B8 : 7D7F7F7F;
07B9 : 00034B69;
07BA : 00000000;
07BB : 00000000;
07BC : 00000000;
07BD : 784C1700;
07BE : 53717F7F;
07BF : 7F647D42;
07C0 : 00347072;
07C1 : 00000000;
07C2 : 00000000;
07C3 : 00000000;
07C4 : 7F7F754C;
07C5 : 0004475D;
07C6 : 63145F00;
07C7 : 0A7E6F7B;
07C8 : 00000000;
07C9 : 00000000;
07CA : 3F040000;
07CB : 40747F7E;
07CC : 00000005;
07CD : 23156900;
07CE : 0A7F7F7F;
07CF : 00000000;
07D0 : 00000000;
07D1 : 79240000;
07D2 : 001B727F;
07D3 : 01000000;
07D4 : 79703A10;
07D5 : 02517F7F;
07D6 : 00000000;
07D7 : 00000000;
07D8 : 78250000;
07D9 : 45366F7F;
07DA : 69545959;
07DB : 7F7F737D;
07DC : 0013747F;
07DD : 00000000;
07DE : 00000000;
07DF : 57040000;
07E0 : 7F7F7E7A;
07E1 : 7F7F7D7F;
07E2 : 7E7F7F7F;
07E3 : 00000C55;
07E4 : 00000000;
07E5 : 00000000;
07E6 : 00000000;
07E7 : 58614408;
07E8 : 7F644C49;
07E9 : 4B7F7F7F;
07EA : 00000008;
07EB : 00000000;
07EC : 00000000;
07ED : 00000000;
07EE : 00000000;
07EF : 7F510000;
07F0 : 0131787F;
07F1 : 00000000;
07F2 : 00000000;
07F3 : 00000000;
07F4 : 00000000;
07F5 : 00000000;
07F6 : 7F7D3B00;
07F7 : 00002D7F;
07F8 : 00000000;
07F9 : 00000000;
07FA : 00000000;
07FB : 00000000;
07FC : 00000000;
07FD : 7F7F7932;
07FE : 00000369;
07FF : 00000000;
0800 : 00000000;
0801 : 00000000;
0802 : 00000000;
0803 : 1B000000;
0804 : 797F7F78;
0805 : 0000001D;
0806 : 00000000;
0807 : 00000000;
0808 : 00000000;
0809 : 00000000;
080A : 41000000;
080B : 207A7F7F;
080C : 00000000;
080D : 00000000;
080E : 00000000;
080F : 00000000;
0810 : 00000000;
0811 : 7C060000;
0812 : 004C7F7F;
0813 : 00000000;
0814 : 00000000;
0815 : 00000000;
0816 : 00000000;
0817 : 00000000;
0818 : 7F720600;
0819 : 0004687F;
081A : 00000000;
081B : 00000000;
081C : 00000000;
081D : 00000000;
081E : 00000000;
081F : 7F7F2700;
0820 : 0000217F;
0821 : 00000000;
0822 : 00000000;
0823 : 00000000;
0824 : 00000000;
0825 : 00000000;
0826 : 7F7F6800;
0827 : 00000044;
0828 : 00000000;
0829 : 00000000;
082A : 00000000;
082B : 00000000;
082C : 00000000;
082D : 747F7100;
082E : 0000000C;
082F : 00000000;
0830 : 00000000;
0831 : 00000000;
0832 : 00000000;
0833 : 00000000;
0834 : 367F3800;
0835 : 00000000;
0836 : 00000000;
0837 : 00000000;
0838 : 00000000;
0839 : 00000000;
083A : 00000000;
083B : 00000000;
083C : 00000000;
083D : 00000000;
083E : 00000000;
083F : 00000000;
0840 : 00000000;
0841 : 00000000;
0842 : 00000000;
0843 : 00000000;
0844 : 00000000;
0845 : 00000000;
0846 : 00000000;
0847 : 00000000;
0848 : 00000000;
0849 : 00000000;
084A : 00000000;
084B : 00000000;
084C : 00000000;
084D : 00000000;
084E : 00000000;
084F : 00000000;
0850 : 00000000;
0851 : 00000000;
0852 : 00000000;
0853 : 00000000;
0854 : 00000000;
0855 : 00000000;
0856 : 00000000;
0857 : 00000000;
0858 : 00000000;
0859 : 00000000;
085A : 00000000;
085B : 00000000;
085C : 00000000;
085D : 00000000;
085E : 1E000000;
085F : 603B1501;
0860 : 001E3B3B;
0861 : 00000000;
0862 : 00000000;
0863 : 00000000;
0864 : 00000000;
0865 : 7A590700;
0866 : 7F7F7976;
0867 : 757A7F7F;
0868 : 0000002A;
0869 : 00000000;
086A : 00000000;
086B : 00000000;
086C : 7F7F4B00;
086D : 59606A7F;
086E : 7F7F5A59;
086F : 00001778;
0870 : 00000000;
0871 : 00000000;
0872 : 00000000;
0873 : 717F7515;
0874 : 00060E20;
0875 : 7E400100;
0876 : 0008567F;
0877 : 00000000;
0878 : 00000000;
0879 : 00000000;
087A : 357E7F1C;
087B : 00000000;
087C : 43000000;
087D : 00257F7D;
087E : 00000000;
087F : 00000000;
0880 : 00000000;
0881 : 004F7F1F;
0882 : 00000000;
0883 : 00000000;
0884 : 004E7F6E;
0885 : 00000000;
0886 : 00000000;
0887 : 00000000;
0888 : 00337F61;
0889 : 00000000;
088A : 00000000;
088B : 006A7F4B;
088C : 00000000;
088D : 00000000;
088E : 11000000;
088F : 001D776E;
0890 : 00000000;
0891 : 00000000;
0892 : 006A7F2A;
0893 : 00000000;
0894 : 00000000;
0895 : 3F000000;
0896 : 0000557F;
0897 : 00000000;
0898 : 00000000;
0899 : 006A7F2A;
089A : 00000000;
089B : 00000000;
089C : 6B000000;
089D : 00001E77;
089E : 00000000;
089F : 00000000;
08A0 : 006A7F2A;
08A1 : 00000000;
08A2 : 00000000;
08A3 : 6B000000;
08A4 : 00000063;
08A5 : 00000000;
08A6 : 00000000;
08A7 : 006A7F2A;
08A8 : 00000000;
08A9 : 00000000;
08AA : 6D050000;
08AB : 00000063;
08AC : 00000000;
08AD : 00000000;
08AE : 006A7F2A;
08AF : 00000000;
08B0 : 00000000;
08B1 : 7F310000;
08B2 : 00000063;
08B3 : 00000000;
08B4 : 00000000;
08B5 : 00687F51;
08B6 : 00000000;
08B7 : 00000000;
08B8 : 7F310000;
08B9 : 00000063;
08BA : 00000000;
08BB : 19000000;
08BC : 00257F77;
08BD : 00000000;
08BE : 00000000;
08BF : 7F310000;
08C0 : 00000063;
08C1 : 00000000;
08C2 : 52190000;
08C3 : 0002617F;
08C4 : 00000000;
08C5 : 00000000;
08C6 : 78210000;
08C7 : 00000063;
08C8 : 00000000;
08C9 : 7F530100;
08CA : 00001B71;
08CB : 00000000;
08CC : 00000000;
08CD : 6B000000;
08CE : 00000A6A;
08CF : 17000000;
08D0 : 7F7F654C;
08D1 : 0000001F;
08D2 : 00000000;
08D3 : 00000000;
08D4 : 6B000000;
08D5 : 5A5A667F;
08D6 : 755A5A5A;
08D7 : 4E757F7F;
08D8 : 00000005;
08D9 : 00000000;
08DA : 00000000;
08DB : 28000000;
08DC : 7F7F7F66;
08DD : 7F7F7F7F;
08DE : 003C757E;
08DF : 00000000;
08E0 : 00000000;
08E1 : 00000000;
08E2 : 00000000;
08E3 : 7F7F690D;
08E4 : 4C7F7F7F;
08E5 : 00000034;
08E6 : 00000000;
08E7 : 00000000;
08E8 : 00000000;
08E9 : 00000000;
08EA : 00000000;
08EB : 00000000;
08EC : 00000000;
08ED : 00000000;
08EE : 00000000;
08EF : 00000000;
08F0 : 00000000;
08F1 : 00000000;
08F2 : 00000000;
08F3 : 00000000;
08F4 : 00000000;
08F5 : 00000000;
08F6 : 00000000;
08F7 : 00000000;
08F8 : 00000000;
08F9 : 00000000;
08FA : 00000000;
08FB : 00000000;
08FC : 00000000;
08FD : 00000000;
08FE : 00000000;
08FF : 00000000;
0900 : 00000000;
0901 : 00000000;
0902 : 00000000;
0903 : 00000000;
0904 : 00000000;
0905 : 00000000;
0906 : 00000000;
0907 : 00000000;
0908 : 00000000;
0909 : 00000000;
090A : 00000000;
090B : 00000000;
090C : 00000000;
090D : 00000000;
090E : 00000000;
090F : 00000000;
0910 : 00000000;
0911 : 00000000;
0912 : 00000000;
0913 : 00000000;
0914 : 00000000;
0915 : 00000000;
0916 : 00000000;
0917 : 00000000;
0918 : 00000000;
0919 : 00000000;
091A : 00000000;
091B : 66030000;
091C : 0000587E;
091D : 00000000;
091E : 00000000;
091F : 00000000;
0920 : 00000000;
0921 : 00000000;
0922 : 7E4B0300;
0923 : 00003E7E;
0924 : 00000000;
0925 : 00000000;
0926 : 00000000;
0927 : 00000000;
0928 : 00000000;
0929 : 5D7E3A00;
092A : 0000001C;
092B : 00000000;
092C : 00000000;
092D : 00000000;
092E : 00000000;
092F : 00000000;
0930 : 3B7E4600;
0931 : 00000000;
0932 : 00000000;
0933 : 00000000;
0934 : 00000000;
0935 : 00000000;
0936 : 00000000;
0937 : 197B4D00;
0938 : 00000000;
0939 : 00000000;
093A : 00000000;
093B : 00000000;
093C : 00000000;
093D : 00000000;
093E : 00627E0D;
093F : 00000000;
0940 : 00000000;
0941 : 00000000;
0942 : 00000000;
0943 : 00000000;
0944 : 00000000;
0945 : 00627E4B;
0946 : 00000000;
0947 : 2A1C0000;
0948 : 0000132A;
0949 : 00000000;
094A : 00000000;
094B : 00000000;
094C : 00307E70;
094D : 00000000;
094E : 7E79714B;
094F : 003E777E;
0950 : 00000000;
0951 : 00000000;
0952 : 05000000;
0953 : 00007172;
0954 : 721B0200;
0955 : 57757F7E;
0956 : 0F727F70;
0957 : 00000000;
0958 : 00000000;
0959 : 37000000;
095A : 00004B7E;
095B : 7E7E400D;
095C : 000E4371;
095D : 1C7E5900;
095E : 00000000;
095F : 00000000;
0960 : 4F000000;
0961 : 0000387E;
0962 : 5D7E7E4B;
0963 : 00000015;
0964 : 1C7E4600;
0965 : 00000000;
0966 : 00000000;
0967 : 5C000000;
0968 : 1300387E;
0969 : 034B7E76;
096A : 00000000;
096B : 03654600;
096C : 00000000;
096D : 00000000;
096E : 63000000;
096F : 4900397E;
0970 : 0000517E;
0971 : 00000000;
0972 : 00624D00;
0973 : 00000000;
0974 : 00000000;
0975 : 62000000;
0976 : 5600387E;
0977 : 00005E7E;
0978 : 00000000;
0979 : 00557E0D;
097A : 00000000;
097B : 00000000;
097C : 62000000;
097D : 0900387E;
097E : 093D7B73;
097F : 00000000;
0980 : 001C7A64;
0981 : 00000000;
0982 : 00000000;
0983 : 6F0D0000;
0984 : 0000387E;
0985 : 607E650C;
0986 : 64260006;
0987 : 00003E7C;
0988 : 00000000;
0989 : 00000000;
098A : 5C000000;
098B : 0005597E;
098C : 11260000;
098D : 7A7E4D0E;
098E : 0000003E;
098F : 00000000;
0990 : 00000000;
0991 : 0E000000;
0992 : 29627E68;
0993 : 62411C1C;
0994 : 286B7E7E;
0995 : 00000000;
0996 : 00000000;
0997 : 00000000;
0998 : 00000000;
0999 : 7E7E6C0C;
099A : 7E7E7E7E;
099B : 00094E7E;
099C : 00000000;
099D : 00000000;
099E : 00000000;
099F : 00000000;
09A0 : 45330800;
09A1 : 45454678;
09A2 : 00000014;
09A3 : 00000000;
09A4 : 00000000;
09A5 : 00000000;
09A6 : 00000000;
09A7 : 00000000;
09A8 : 00000000;
09A9 : 00000000;
09AA : 00000000;
09AB : 00000000;
09AC : 00000000;
09AD : 00000000;
09AE : 00000000;
09AF : 00000000;
09B0 : 00000000;
09B1 : 00000000;
09B2 : 00000000;
09B3 : 00000000;
09B4 : 00000000;
09B5 : 00000000;
09B6 : 00000000;
09B7 : 00000000;
09B8 : 00000000;
09B9 : 00000000;
09BA : 00000000;
09BB : 00000000;
09BC : 00000000;
09BD : 00000000;
09BE : 00000000;
09BF : 00000000;
09C0 : 00000000;
09C1 : 00000000;
09C2 : 00000000;
09C3 : 00000000;
09C4 : 00000000;
09C5 : 00000000;
09C6 : 00000000;
09C7 : 00000000;
09C8 : 00000000;
09C9 : 00000000;
09CA : 00000000;
09CB : 00000000;
09CC : 00000000;
09CD : 00000000;
09CE : 00000000;
09CF : 00000000;
09D0 : 00000000;
09D1 : 00000000;
09D2 : 00000000;
09D3 : 00000000;
09D4 : 00000000;
09D5 : 00000000;
09D6 : 00000000;
09D7 : 00000000;
09D8 : 00000000;
09D9 : 00000000;
09DA : 00000000;
09DB : 00000000;
09DC : 00000000;
09DD : 00000000;
09DE : 00000000;
09DF : 00000000;
09E0 : 00000000;
09E1 : 00000000;
09E2 : 00000000;
09E3 : 00000000;
09E4 : 00000000;
09E5 : 00000000;
09E6 : 00000000;
09E7 : 00000000;
09E8 : 00000000;
09E9 : 00000000;
09EA : 00000000;
09EB : 00000000;
09EC : 00000000;
09ED : 00000000;
09EE : 00000000;
09EF : 00000000;
09F0 : 00000000;
09F1 : 00000000;
09F2 : 00000000;
09F3 : 00000000;
09F4 : 00000000;
09F5 : 00000000;
09F6 : 00000000;
09F7 : 00000000;
09F8 : 00000000;
09F9 : 00000000;
09FA : 00000000;
09FB : 00000000;
09FC : 7F7E5A18;
09FD : 0512547E;
09FE : 00000426;
09FF : 00000000;
0A00 : 00000000;
0A01 : 00000000;
0A02 : 22020000;
0A03 : 7E7E7E72;
0A04 : 5E507E7E;
0A05 : 00002E7E;
0A06 : 00000000;
0A07 : 00000000;
0A08 : 00000000;
0A09 : 7E1B0000;
0A0A : 2227717E;
0A0B : 762D3222;
0A0C : 0000217B;
0A0D : 00000000;
0A0E : 00000000;
0A0F : 00000000;
0A10 : 7E741500;
0A11 : 0000195C;
0A12 : 7E650D00;
0A13 : 00000043;
0A14 : 00000000;
0A15 : 00000000;
0A16 : 00000000;
0A17 : 597E5400;
0A18 : 00000012;
0A19 : 7E7E2300;
0A1A : 0000001F;
0A1B : 00000000;
0A1C : 00000000;
0A1D : 00000000;
0A1E : 15797E4D;
0A1F : 00000000;
0A20 : 5F7E5F02;
0A21 : 00000000;
0A22 : 00000000;
0A23 : 00000000;
0A24 : 00000000;
0A25 : 00737E67;
0A26 : 02000000;
0A27 : 207E7E44;
0A28 : 00000000;
0A29 : 00000000;
0A2A : 00000000;
0A2B : 00000000;
0A2C : 00737E67;
0A2D : 45100000;
0A2E : 08717E7E;
0A2F : 00000000;
0A30 : 00000000;
0A31 : 00000000;
0A32 : 00000000;
0A33 : 677C7E52;
0A34 : 7E726767;
0A35 : 00507E7E;
0A36 : 00000000;
0A37 : 00000000;
0A38 : 00000000;
0A39 : 00000000;
0A3A : 7E7E5904;
0A3B : 257E7E7E;
0A3C : 001C7E54;
0A3D : 00000000;
0A3E : 00000000;
0A3F : 00000000;
0A40 : 00000000;
0A41 : 3A200000;
0A42 : 4A00253A;
0A43 : 000A6B7E;
0A44 : 00000000;
0A45 : 00000000;
0A46 : 00000000;
0A47 : 00000000;
0A48 : 00000000;
0A49 : 7E000000;
0A4A : 0000517E;
0A4B : 00000000;
0A4C : 00000000;
0A4D : 00000000;
0A4E : 00000000;
0A4F : 00000000;
0A50 : 7E100000;
0A51 : 00001978;
0A52 : 00000000;
0A53 : 00000000;
0A54 : 00000000;
0A55 : 00000000;
0A56 : 00000000;
0A57 : 7E4E0000;
0A58 : 00000052;
0A59 : 00000000;
0A5A : 00000000;
0A5B : 00000000;
0A5C : 00000000;
0A5D : 00000000;
0A5E : 7E781500;
0A5F : 0000002E;
0A60 : 00000000;
0A61 : 00000000;
0A62 : 00000000;
0A63 : 00000000;
0A64 : 00000000;
0A65 : 7E7E2E00;
0A66 : 0000002A;
0A67 : 00000000;
0A68 : 00000000;
0A69 : 00000000;
0A6A : 00000000;
0A6B : 00000000;
0A6C : 687E3900;
0A6D : 00000000;
0A6E : 00000000;
0A6F : 00000000;
0A70 : 00000000;
0A71 : 00000000;
0A72 : 00000000;
0A73 : 3A7E6700;
0A74 : 00000000;
0A75 : 00000000;
0A76 : 00000000;
0A77 : 00000000;
0A78 : 00000000;
0A79 : 00000000;
0A7A : 3A7E5200;
0A7B : 00000000;
0A7C : 00000000;
0A7D : 00000000;
0A7E : 00000000;
0A7F : 00000000;
0A80 : 00000000;
0A81 : 1F642E00;
0A82 : 00000000;
0A83 : 00000000;
0A84 : 00000000;
0A85 : 00000000;
0A86 : 00000000;
0A87 : 00000000;
0A88 : 00000000;
0A89 : 00000000;
0A8A : 00000000;
0A8B : 00000000;
0A8C : 00000000;
0A8D : 00000000;
0A8E : 00000000;
0A8F : 00000000;
0A90 : 00000000;
0A91 : 00000000;
0A92 : 00000000;
0A93 : 00000000;
0A94 : 00000000;
0A95 : 00000000;
0A96 : 00000000;
0A97 : 00000000;
0A98 : 00000000;
0A99 : 00000000;
0A9A : 00000000;
0A9B : 00000000;
0A9C : 00000000;
0A9D : 00000000;
0A9E : 00000000;
0A9F : 00000000;
0AA0 : 00000000;
0AA1 : 00000000;
0AA2 : 00000000;
0AA3 : 00000000;
0AA4 : 00000000;
0AA5 : 00000000;
0AA6 : 00000000;
0AA7 : 00000000;
0AA8 : 00000000;
0AA9 : 00000000;
0AAA : 00000000;
0AAB : 00000000;
0AAC : 00000000;
0AAD : 00000000;
0AAE : 00000000;
0AAF : 00000000;
0AB0 : 00000000;
0AB1 : 00000000;
0AB2 : 7F452108;
0AB3 : 0B45547E;
0AB4 : 00000000;
0AB5 : 00000000;
0AB6 : 00000000;
0AB7 : 00000000;
0AB8 : 3C020000;
0AB9 : 7E7E7E72;
0ABA : 4F7E7E7E;
0ABB : 00000000;
0ABC : 00000000;
0ABD : 00000000;
0ABE : 00000000;
0ABF : 7E360000;
0AC0 : 5F7E7E7E;
0AC1 : 7E7E7E7E;
0AC2 : 00000000;
0AC3 : 00000000;
0AC4 : 00000000;
0AC5 : 00000000;
0AC6 : 7E741500;
0AC7 : 023A7E7E;
0AC8 : 7E7E7E43;
0AC9 : 00000000;
0ACA : 00000000;
0ACB : 00000000;
0ACC : 00000000;
0ACD : 7E7E5915;
0ACE : 0001156E;
0ACF : 7E741B02;
0AD0 : 00000069;
0AD1 : 00000000;
0AD2 : 00000000;
0AD3 : 00000000;
0AD4 : 7C7F7E2E;
0AD5 : 00000039;
0AD6 : 7D440000;
0AD7 : 00004D7F;
0AD8 : 00000000;
0AD9 : 00000000;
0ADA : 00000000;
0ADB : 5C7E7E53;
0ADC : 00000000;
0ADD : 68000000;
0ADE : 0000677E;
0ADF : 00000000;
0AE0 : 00000000;
0AE1 : 09000000;
0AE2 : 2E7E7E6E;
0AE3 : 00000000;
0AE4 : 3A000000;
0AE5 : 0000677E;
0AE6 : 00000000;
0AE7 : 00000000;
0AE8 : 23000000;
0AE9 : 08607E7E;
0AEA : 00000000;
0AEB : 3A000000;
0AEC : 000C6F7E;
0AED : 00000000;
0AEE : 00000000;
0AEF : 3D000000;
0AF0 : 001F7E7E;
0AF1 : 00000000;
0AF2 : 3A000000;
0AF3 : 00227E7E;
0AF4 : 00000000;
0AF5 : 00000000;
0AF6 : 42000000;
0AF7 : 00007E7E;
0AF8 : 00000000;
0AF9 : 3A000000;
0AFA : 00227E7F;
0AFB : 00000000;
0AFC : 00000000;
0AFD : 5C000000;
0AFE : 00007E7E;
0AFF : 00000000;
0B00 : 3A000000;
0B01 : 00227E7E;
0B02 : 00000000;
0B03 : 00000000;
0B04 : 5C000000;
0B05 : 00007E7E;
0B06 : 00000000;
0B07 : 3A000000;
0B08 : 0019787E;
0B09 : 00000000;
0B0A : 00000000;
0B0B : 5C000000;
0B0C : 00007E7E;
0B0D : 00000000;
0B0E : 69000000;
0B0F : 0000387E;
0B10 : 00000000;
0B11 : 00000000;
0B12 : 18000000;
0B13 : 004F7E74;
0B14 : 00000000;
0B15 : 73000000;
0B16 : 00000474;
0B17 : 00000000;
0B18 : 00000000;
0B19 : 00000000;
0B1A : 197A7E2E;
0B1B : 00000000;
0B1C : 7E4D0000;
0B1D : 00000054;
0B1E : 00000000;
0B1F : 00000000;
0B20 : 00000000;
0B21 : 387E5211;
0B22 : 00000000;
0B23 : 73762100;
0B24 : 00000015;
0B25 : 00000000;
0B26 : 00000000;
0B27 : 00000000;
0B28 : 786F1000;
0B29 : 13000043;
0B2A : 447E752D;
0B2B : 00000000;
0B2C : 00000000;
0B2D : 00000000;
0B2E : 00000000;
0B2F : 580C0000;
0B30 : 74336778;
0B31 : 11587E7E;
0B32 : 00000000;
0B33 : 00000000;
0B34 : 00000000;
0B35 : 00000000;
0B36 : 07000000;
0B37 : 447E591B;
0B38 : 00021B44;
0B39 : 00000000;
0B3A : 00000000;
0B3B : 00000000;
0B3C : 00000000;
0B3D : 00000000;
0B3E : 00000000;
0B3F : 00000000;
0B40 : 00000000;
0B41 : 00000000;
0B42 : 00000000;
0B43 : 00000000;
0B44 : 00000000;
0B45 : 00000000;
0B46 : 00000000;
0B47 : 00000000;
0B48 : 00000000;
0B49 : 00000000;
0B4A : 00000000;
0B4B : 00000000;
0B4C : 00000000;
0B4D : 00000000;
0B4E : 00000000;
0B4F : 00000000;
0B50 : 00000000;
0B51 : 00000000;
0B52 : 00000000;
0B53 : 00000000;
0B54 : 00000000;
0B55 : 00000000;
0B56 : 00000000;
0B57 : 00000000;
0B58 : 00000000;
0B59 : 00000000;
0B5A : 00000000;
0B5B : 00000000;
0B5C : 00000000;
0B5D : 00000000;
0B5E : 00000000;
0B5F : 00000000;
0B60 : 00000000;
0B61 : 00000000;
0B62 : 00000000;
0B63 : 00000000;
0B64 : 00000000;
0B65 : 00000000;
0B66 : 00000000;
0B67 : 00000000;
0B68 : 00000000;
0B69 : 00000000;
0B6A : 00000000;
0B6B : 00000000;
0B6C : 00000000;
0B6D : 00000000;
0B6E : 00000000;
0B6F : 5F7F4000;
0B70 : 00000000;
0B71 : 00000000;
0B72 : 00000000;
0B73 : 00000000;
0B74 : 00000000;
0B75 : 00000000;
0B76 : 7F7F5F00;
0B77 : 00000020;
0B78 : 00000000;
0B79 : 00000000;
0B7A : 00000000;
0B7B : 00000000;
0B7C : 00000000;
0B7D : 7F7F7F00;
0B7E : 00000040;
0B7F : 00000000;
0B80 : 00000000;
0B81 : 00000000;
0B82 : 00000000;
0B83 : 00000000;
0B84 : 7F7F7F00;
0B85 : 00000000;
0B86 : 00000000;
0B87 : 00000000;
0B88 : 00000000;
0B89 : 00000000;
0B8A : 00000000;
0B8B : 7F7F7F00;
0B8C : 00000000;
0B8D : 00000000;
0B8E : 00000000;
0B8F : 00000000;
0B90 : 00000000;
0B91 : 00000000;
0B92 : 7F7F4000;
0B93 : 00000040;
0B94 : 00000000;
0B95 : 00000000;
0B96 : 00000000;
0B97 : 00000000;
0B98 : 00000000;
0B99 : 7F7F7F00;
0B9A : 00000040;
0B9B : 00000000;
0B9C : 00000000;
0B9D : 00000000;
0B9E : 00000000;
0B9F : 00000000;
0BA0 : 7F7F7F00;
0BA1 : 00000040;
0BA2 : 00000000;
0BA3 : 00000000;
0BA4 : 00000000;
0BA5 : 00000000;
0BA6 : 00000000;
0BA7 : 7F7F7F00;
0BA8 : 00000040;
0BA9 : 00000000;
0BAA : 00000000;
0BAB : 00000000;
0BAC : 00000000;
0BAD : 00000000;
0BAE : 7F7F7F00;
0BAF : 00000040;
0BB0 : 00000000;
0BB1 : 00000000;
0BB2 : 00000000;
0BB3 : 00000000;
0BB4 : 00000000;
0BB5 : 7F7F7F00;
0BB6 : 00000000;
0BB7 : 00000000;
0BB8 : 00000000;
0BB9 : 00000000;
0BBA : 00000000;
0BBB : 00000000;
0BBC : 7F7F7F00;
0BBD : 00000000;
0BBE : 00000000;
0BBF : 00000000;
0BC0 : 00000000;
0BC1 : 00000000;
0BC2 : 00000000;
0BC3 : 7F7F7F00;
0BC4 : 00000000;
0BC5 : 00000000;
0BC6 : 00000000;
0BC7 : 00000000;
0BC8 : 00000000;
0BC9 : 00000000;
0BCA : 7F7F7F00;
0BCB : 00000000;
0BCC : 00000000;
0BCD : 00000000;
0BCE : 00000000;
0BCF : 00000000;
0BD0 : 00000000;
0BD1 : 7F7F5F00;
0BD2 : 00000040;
0BD3 : 00000000;
0BD4 : 00000000;
0BD5 : 00000000;
0BD6 : 00000000;
0BD7 : 00000000;
0BD8 : 7F7F5F00;
0BD9 : 00000040;
0BDA : 00000000;
0BDB : 00000000;
0BDC : 00000000;
0BDD : 00000000;
0BDE : 00000000;
0BDF : 7F7F7F20;
0BE0 : 00000040;
0BE1 : 00000000;
0BE2 : 00000000;
0BE3 : 00000000;
0BE4 : 00000000;
0BE5 : 00000000;
0BE6 : 7F7F7F5F;
0BE7 : 00000040;
0BE8 : 00000000;
0BE9 : 00000000;
0BEA : 00000000;
0BEB : 00000000;
0BEC : 20000000;
0BED : 207F7F7F;
0BEE : 00000000;
0BEF : 00000000;
0BF0 : 00000000;
0BF1 : 00000000;
0BF2 : 00000000;
0BF3 : 20000000;
0BF4 : 0000407F;
0BF5 : 00000000;
0BF6 : 00000000;
0BF7 : 00000000;
0BF8 : 00000000;
0BF9 : 00000000;
0BFA : 00000000;
0BFB : 00000000;
0BFC : 00000000;
0BFD : 00000000;
0BFE : 00000000;
0BFF : 00000000;
0C00 : 00000000;
0C01 : 00000000;
0C02 : 00000000;
0C03 : 00000000;
0C04 : 00000000;
0C05 : 00000000;
0C06 : 00000000;
0C07 : 00000000;
0C08 : 00000000;
0C09 : 00000000;
0C0A : 00000000;
0C0B : 00000000;
0C0C : 00000000;
0C0D : 00000000;
0C0E : 00000000;
0C0F : 00000000;
0C10 : 00000000;
0C11 : 00000000;
0C12 : 00000000;
0C13 : 00000000;
0C14 : 00000000;
0C15 : 00000000;
0C16 : 00000000;
0C17 : 00000000;
0C18 : 00000000;
0C19 : 00000000;
0C1A : 00000000;
0C1B : 00000000;
0C1C : 00000000;
0C1D : 00000000;
0C1E : 00000000;
0C1F : 00000000;
0C20 : 00000000;
0C21 : 00000000;
0C22 : 00000000;
0C23 : 00000000;
0C24 : 00000000;
0C25 : 00000000;
0C26 : 00000000;
0C27 : 00000000;
0C28 : 00000000;
0C29 : 00000000;
0C2A : 00000000;
0C2B : 00000000;
0C2C : 00000000;
0C2D : 00000000;
0C2E : 00000000;
0C2F : 00000000;
0C30 : 00000000;
0C31 : 00000000;
0C32 : 00000000;
0C33 : 7E6B4219;
0C34 : 51657E7F;
0C35 : 00000014;
0C36 : 00000000;
0C37 : 00000000;
0C38 : 00000000;
0C39 : 65654733;
0C3A : 7E7E7E7E;
0C3B : 0000234B;
0C3C : 00000000;
0C3D : 00000000;
0C3E : 00000000;
0C3F : 00000000;
0C40 : 657A7E7F;
0C41 : 00293347;
0C42 : 00000000;
0C43 : 00000000;
0C44 : 00000000;
0C45 : 00000000;
0C46 : 00000000;
0C47 : 00657E56;
0C48 : 00000000;
0C49 : 00000000;
0C4A : 00000000;
0C4B : 00000000;
0C4C : 00000000;
0C4D : 00000000;
0C4E : 0F756F0A;
0C4F : 00000000;
0C50 : 00000000;
0C51 : 00000000;
0C52 : 00000000;
0C53 : 00000000;
0C54 : 00000000;
0C55 : 197E3D00;
0C56 : 00000000;
0C57 : 00000000;
0C58 : 00000000;
0C59 : 00000000;
0C5A : 00000000;
0C5B : 00000000;
0C5C : 2D7F3D00;
0C5D : 05191919;
0C5E : 00000000;
0C5F : 00000000;
0C60 : 00000000;
0C61 : 00000000;
0C62 : 00000000;
0C63 : 7E7E6F0A;
0C64 : 567E7E7E;
0C65 : 00000029;
0C66 : 00000000;
0C67 : 00000000;
0C68 : 00000000;
0C69 : 0A000000;
0C6A : 51657E6B;
0C6B : 6F653333;
0C6C : 05197E7F;
0C6D : 00000000;
0C6E : 00000000;
0C6F : 00000000;
0C70 : 1E000000;
0C71 : 0000557E;
0C72 : 0A000000;
0C73 : 6A7E6038;
0C74 : 00000014;
0C75 : 00000000;
0C76 : 00000000;
0C77 : 00000000;
0C78 : 00000000;
0C79 : 00000000;
0C7A : 65330000;
0C7B : 00001975;
0C7C : 00000000;
0C7D : 00000000;
0C7E : 00000000;
0C7F : 00000000;
0C80 : 00000000;
0C81 : 0A000000;
0C82 : 0029746A;
0C83 : 00000000;
0C84 : 00000000;
0C85 : 00000000;
0C86 : 00000000;
0C87 : 00000000;
0C88 : 00000000;
0C89 : 3875651F;
0C8A : 00000000;
0C8B : 00000000;
0C8C : 00000000;
0C8D : 00000000;
0C8E : 00000000;
0C8F : 00000000;
0C90 : 7E6A0A00;
0C91 : 00000000;
0C92 : 00000000;
0C93 : 00000000;
0C94 : 00000000;
0C95 : 00000000;
0C96 : 00000000;
0C97 : 7E4C0000;
0C98 : 00000000;
0C99 : 00000000;
0C9A : 00000000;
0C9B : 00000000;
0C9C : 00000000;
0C9D : 00000000;
0C9E : 6A741400;
0C9F : 00000000;
0CA0 : 00000000;
0CA1 : 00000000;
0CA2 : 00002E38;
0CA3 : 00000000;
0CA4 : 00000000;
0CA5 : 147A560F;
0CA6 : 00000000;
0CA7 : 00000000;
0CA8 : 29000000;
0CA9 : 00004B7E;
0CAA : 00000000;
0CAB : 5B33330A;
0CAC : 00286A74;
0CAD : 00000000;
0CAE : 00000000;
0CAF : 29000000;
0CB0 : 4C757E7F;
0CB1 : 7E56604C;
0CB2 : 6A7F7E7F;
0CB3 : 00000A47;
0CB4 : 00000000;
0CB5 : 00000000;
0CB6 : 00000000;
0CB7 : 744B4B23;
0CB8 : 4B606A7E;
0CB9 : 05191941;
0CBA : 00000000;
0CBB : 00000000;
0CBC : 00000000;
0CBD : 00000000;
0CBE : 00000000;
0CBF : 00000000;
0CC0 : 00000000;
0CC1 : 00000000;
0CC2 : 00000000;
0CC3 : 00000000;
0CC4 : 00000000;
0CC5 : 00000000;
0CC6 : 00000000;
0CC7 : 00000000;
0CC8 : 00000000;
0CC9 : 00000000;
0CCA : 00000000;
0CCB : 00000000;
0CCC : 00000000;
0CCD : 00000000;
0CCE : 00000000;
0CCF : 00000000;
0CD0 : 00000000;
0CD1 : 00000000;
0CD2 : 00000000;
0CD3 : 00000000;
0CD4 : 00000000;
0CD5 : 00000000;
0CD6 : 00000000;
0CD7 : 00000000;
0CD8 : 00000000;
0CD9 : 00000000;
0CDA : 00000000;
0CDB : 00000000;
0CDC : 00000000;
0CDD : 00000000;
0CDE : 00000000;
0CDF : 00000000;
0CE0 : 00000000;
0CE1 : 00000000;
0CE2 : 00000000;
0CE3 : 00000000;
0CE4 : 00000000;
0CE5 : 00000000;
0CE6 : 00000000;
0CE7 : 00000000;
0CE8 : 00000000;
0CE9 : 00000000;
0CEA : 00000000;
0CEB : 00000000;
0CEC : 00000000;
0CED : 00000000;
0CEE : 00000000;
0CEF : 00000000;
0CF0 : 00000000;
0CF1 : 00000000;
0CF2 : 00000000;
0CF3 : 00000000;
0CF4 : 00000000;
0CF5 : 00000000;
0CF6 : 00000000;
0CF7 : 00000000;
0CF8 : 00000000;
0CF9 : 00000000;
0CFA : 00000000;
0CFB : 00000000;
0CFC : 00000000;
0CFD : 00000000;
0CFE : 00000000;
0CFF : 00000000;
0D00 : 00000000;
0D01 : 00000000;
0D02 : 00000000;
0D03 : 00000000;
0D04 : 20000000;
0D05 : 667F7249;
0D06 : 0000003C;
0D07 : 00000000;
0D08 : 00000000;
0D09 : 00000000;
0D0A : 00000000;
0D0B : 7E630C00;
0D0C : 756C707E;
0D0D : 00002C7E;
0D0E : 00000000;
0D0F : 00000000;
0D10 : 00000000;
0D11 : 00000000;
0D12 : 6F7E660A;
0D13 : 0E000723;
0D14 : 2B015767;
0D15 : 00000013;
0D16 : 00000000;
0D17 : 00000000;
0D18 : 00000000;
0D19 : 03717E44;
0D1A : 00000000;
0D1B : 7E260E11;
0D1C : 0000047E;
0D1D : 00000000;
0D1E : 00000000;
0D1F : 2C000000;
0D20 : 0006757D;
0D21 : 00000000;
0D22 : 7E771500;
0D23 : 00000057;
0D24 : 00000000;
0D25 : 00000000;
0D26 : 43000000;
0D27 : 0000607E;
0D28 : 00000000;
0D29 : 7E770700;
0D2A : 00000050;
0D2B : 00000000;
0D2C : 00000000;
0D2D : 54000000;
0D2E : 0000257E;
0D2F : 00000000;
0D30 : 7E7B2A00;
0D31 : 00000025;
0D32 : 00000000;
0D33 : 00000000;
0D34 : 7D050000;
0D35 : 0000177E;
0D36 : 00000000;
0D37 : 787E6D03;
0D38 : 0000000F;
0D39 : 00000000;
0D3A : 00000000;
0D3B : 7E050000;
0D3C : 0000177E;
0D3D : 02000000;
0D3E : 477E7E24;
0D3F : 00000000;
0D40 : 00000000;
0D41 : 00000000;
0D42 : 6E030000;
0D43 : 00003A7E;
0D44 : 3B0C0000;
0D45 : 177E7E7E;
0D46 : 00000000;
0D47 : 00000000;
0D48 : 00000000;
0D49 : 0E000000;
0D4A : 345D7F79;
0D4B : 7A6E4F49;
0D4C : 09707F77;
0D4D : 00000000;
0D4E : 00000000;
0D4F : 00000000;
0D50 : 00000000;
0D51 : 7E7E6427;
0D52 : 214E6B7C;
0D53 : 004E7E7B;
0D54 : 00000000;
0D55 : 00000000;
0D56 : 00000000;
0D57 : 00000000;
0D58 : 1C1C0200;
0D59 : 13000019;
0D5A : 00257E7E;
0D5B : 00000000;
0D5C : 00000000;
0D5D : 00000000;
0D5E : 00000000;
0D5F : 00000000;
0D60 : 21000000;
0D61 : 00097E7E;
0D62 : 00000000;
0D63 : 00000000;
0D64 : 00000000;
0D65 : 00000000;
0D66 : 00000000;
0D67 : 4A000000;
0D68 : 00097E7E;
0D69 : 00000000;
0D6A : 00000000;
0D6B : 00000000;
0D6C : 00000000;
0D6D : 00000000;
0D6E : 770F0000;
0D6F : 00025F7E;
0D70 : 00000000;
0D71 : 00000000;
0D72 : 00000000;
0D73 : 00000000;
0D74 : 00000000;
0D75 : 7E210000;
0D76 : 0000387E;
0D77 : 00000000;
0D78 : 00000000;
0D79 : 00000000;
0D7A : 00000000;
0D7B : 00000000;
0D7C : 7E2B0000;
0D7D : 0000017A;
0D7E : 00000000;
0D7F : 00000000;
0D80 : 00000000;
0D81 : 00000000;
0D82 : 00000000;
0D83 : 7E550000;
0D84 : 00000063;
0D85 : 00000000;
0D86 : 00000000;
0D87 : 00000000;
0D88 : 00000000;
0D89 : 00000000;
0D8A : 7E7F0000;
0D8B : 0000004A;
0D8C : 00000000;
0D8D : 00000000;
0D8E : 00000000;
0D8F : 00000000;
0D90 : 00000000;
0D91 : 00000000;
0D92 : 00000000;
0D93 : 00000000;
0D94 : 00000000;
0D95 : 00000000;
0D96 : 00000000;
0D97 : 00000000;
0D98 : 00000000;
0D99 : 00000000;
0D9A : 00000000;
0D9B : 00000000;
0D9C : 00000000;
0D9D : 00000000;
0D9E : 00000000;
0D9F : 00000000;
0DA0 : 00000000;
0DA1 : 00000000;
0DA2 : 00000000;
0DA3 : 00000000;
0DA4 : 00000000;
0DA5 : 00000000;
0DA6 : 00000000;
0DA7 : 00000000;
0DA8 : 00000000;
0DA9 : 00000000;
0DAA : 00000000;
0DAB : 00000000;
0DAC : 00000000;
0DAD : 00000000;
0DAE : 00000000;
0DAF : 00000000;
0DB0 : 00000000;
0DB1 : 00000000;
0DB2 : 00000000;
0DB3 : 00000000;
0DB4 : 00000000;
0DB5 : 00000000;
0DB6 : 00000000;
0DB7 : 00000000;
0DB8 : 00000000;
0DB9 : 00000000;
0DBA : 00000000;
0DBB : 00000000;
0DBC : 00000000;
0DBD : 00000000;
0DBE : 00000000;
0DBF : 00000000;
0DC0 : 00000000;
0DC1 : 00000000;
0DC2 : 00000000;
0DC3 : 00000000;
0DC4 : 00000000;
0DC5 : 00000000;
0DC6 : 00000000;
0DC7 : 00000000;
0DC8 : 00000000;
0DC9 : 00000000;
0DCA : 00000000;
0DCB : 00000000;
0DCC : 00000000;
0DCD : 00000000;
0DCE : 7F7F7C25;
0DCF : 53537A7F;
0DD0 : 1E280C44;
0DD1 : 00000000;
0DD2 : 00000000;
0DD3 : 00000000;
0DD4 : 00000000;
0DD5 : 7F7F7F34;
0DD6 : 7F7F7F7F;
0DD7 : 7E7F7C7F;
0DD8 : 13233862;
0DD9 : 00000000;
0DDA : 00000000;
0DDB : 00000000;
0DDC : 34433102;
0DDD : 60603934;
0DDE : 7F7F7460;
0DDF : 7B7F7F7F;
0DE0 : 00000040;
0DE1 : 00000000;
0DE2 : 00000000;
0DE3 : 00000000;
0DE4 : 00000000;
0DE5 : 39391600;
0DE6 : 7F7F7F65;
0DE7 : 00000778;
0DE8 : 00000000;
0DE9 : 00000000;
0DEA : 00000000;
0DEB : 00000000;
0DEC : 00000000;
0DED : 7F4D1104;
0DEE : 0000417F;
0DEF : 00000000;
0DF0 : 00000000;
0DF1 : 00000000;
0DF2 : 00000000;
0DF3 : 00000000;
0DF4 : 7F120000;
0DF5 : 00001178;
0DF6 : 00000000;
0DF7 : 00000000;
0DF8 : 00000000;
0DF9 : 00000000;
0DFA : 00000000;
0DFB : 7F390000;
0DFC : 00003B7F;
0DFD : 00000000;
0DFE : 00000000;
0DFF : 00000000;
0E00 : 00000000;
0E01 : 00000000;
0E02 : 7F791100;
0E03 : 00000878;
0E04 : 00000000;
0E05 : 00000000;
0E06 : 00000000;
0E07 : 00000000;
0E08 : 00000000;
0E09 : 7F7F3700;
0E0A : 00000045;
0E0B : 00000000;
0E0C : 00000000;
0E0D : 00000000;
0E0E : 00000000;
0E0F : 00000000;
0E10 : 7A7F7912;
0E11 : 00000014;
0E12 : 00000000;
0E13 : 00000000;
0E14 : 00000000;
0E15 : 00000000;
0E16 : 0A000000;
0E17 : 387F7F58;
0E18 : 00000000;
0E19 : 00000000;
0E1A : 00000000;
0E1B : 00000000;
0E1C : 00000000;
0E1D : 46000000;
0E1E : 016E7F7F;
0E1F : 00000000;
0E20 : 00000000;
0E21 : 00000000;
0E22 : 00000000;
0E23 : 00000000;
0E24 : 7E2C0000;
0E25 : 0016797F;
0E26 : 00000000;
0E27 : 00000000;
0E28 : 00000000;
0E29 : 00000000;
0E2A : 00000000;
0E2B : 7F781F00;
0E2C : 0000297F;
0E2D : 00000000;
0E2E : 00000000;
0E2F : 00000000;
0E30 : 00000000;
0E31 : 00000000;
0E32 : 7F7F7908;
0E33 : 00000249;
0E34 : 00000000;
0E35 : 00000000;
0E36 : 00000000;
0E37 : 00000000;
0E38 : 01000000;
0E39 : 657F7F37;
0E3A : 00000002;
0E3B : 00000000;
0E3C : 00000000;
0E3D : 00000000;
0E3E : 00000000;
0E3F : 1D000000;
0E40 : 2A7F7F7F;
0E41 : 00000000;
0E42 : 00000000;
0E43 : 00000000;
0E44 : 00000000;
0E45 : 00000000;
0E46 : 76070000;
0E47 : 02617F7F;
0E48 : 00000000;
0E49 : 00000000;
0E4A : 00000000;
0E4B : 00000000;
0E4C : 00000000;
0E4D : 7F290000;
0E4E : 000D617F;
0E4F : 00000000;
0E50 : 00000000;
0E51 : 00000000;
0E52 : 00000000;
0E53 : 00000000;
0E54 : 73130000;
0E55 : 00000E60;
0E56 : 00000000;
0E57 : 00000000;
0E58 : 00000000;
0E59 : 00000000;
0E5A : 00000000;
0E5B : 00000000;
0E5C : 00000000;
0E5D : 00000000;
0E5E : 00000000;
0E5F : 00000000;
0E60 : 00000000;
0E61 : 00000000;
0E62 : 00000000;
0E63 : 00000000;
0E64 : 00000000;
0E65 : 00000000;
0E66 : 00000000;
0E67 : 00000000;
0E68 : 00000000;
0E69 : 00000000;
0E6A : 00000000;
0E6B : 00000000;
0E6C : 00000000;
0E6D : 00000000;
0E6E : 00000000;
0E6F : 00000000;
0E70 : 00000000;
0E71 : 00000000;
0E72 : 00000000;
0E73 : 00000000;
0E74 : 00000000;
0E75 : 00000000;
0E76 : 00000000;
0E77 : 00000000;
0E78 : 00000000;
0E79 : 00000000;
0E7A : 00000000;
0E7B : 00000000;
0E7C : 00000000;
0E7D : 14060000;
0E7E : 00184949;
0E7F : 00000000;
0E80 : 00000000;
0E81 : 00000000;
0E82 : 00000000;
0E83 : 00000000;
0E84 : 7E400600;
0E85 : 517D7E7E;
0E86 : 00000009;
0E87 : 00000000;
0E88 : 00000000;
0E89 : 00000000;
0E8A : 00000000;
0E8B : 7E7E4200;
0E8C : 7E7E7E7E;
0E8D : 00002372;
0E8E : 00000000;
0E8F : 00000000;
0E90 : 00000000;
0E91 : 00000000;
0E92 : 7E7E3200;
0E93 : 76353348;
0E94 : 05407B7E;
0E95 : 00000000;
0E96 : 00000000;
0E97 : 00000000;
0E98 : 00000000;
0E99 : 537E5A00;
0E9A : 1E000000;
0E9B : 517E7E75;
0E9C : 00000002;
0E9D : 00000000;
0E9E : 00000000;
0E9F : 00000000;
0EA0 : 157E7F00;
0EA1 : 00000000;
0EA2 : 7E7E601D;
0EA3 : 00000252;
0EA4 : 00000000;
0EA5 : 00000000;
0EA6 : 00000000;
0EA7 : 107E5D00;
0EA8 : 00000000;
0EA9 : 7E761B00;
0EAA : 00002B7E;
0EAB : 00000000;
0EAC : 00000000;
0EAD : 00000000;
0EAE : 107E4900;
0EAF : 2B5F3200;
0EB0 : 7E492B2B;
0EB1 : 00003D7E;
0EB2 : 00000000;
0EB3 : 00000000;
0EB4 : 00000000;
0EB5 : 277E2F00;
0EB6 : 7E7E7C14;
0EB7 : 7E7E7E7E;
0EB8 : 072A6F7E;
0EB9 : 00000000;
0EBA : 00000000;
0EBB : 00000000;
0EBC : 062E0700;
0EBD : 7E7E7811;
0EBE : 7E7E7E7E;
0EBF : 7A7E7E7E;
0EC0 : 0000052C;
0EC1 : 00000000;
0EC2 : 00000000;
0EC3 : 00000000;
0EC4 : 59502500;
0EC5 : 7E7E7E7E;
0EC6 : 7E7E7E7E;
0EC7 : 0015687E;
0EC8 : 00000000;
0EC9 : 00000000;
0ECA : 00000000;
0ECB : 01000000;
0ECC : 13130808;
0ECD : 79480808;
0ECE : 185C7E7E;
0ECF : 00000000;
0ED0 : 00000000;
0ED1 : 00000000;
0ED2 : 001D0A00;
0ED3 : 00000000;
0ED4 : 1D000000;
0ED5 : 5B7E7E68;
0ED6 : 00000000;
0ED7 : 00000000;
0ED8 : 00000000;
0ED9 : 277B6E26;
0EDA : 00000000;
0EDB : 00000000;
0EDC : 787E6D06;
0EDD : 00000024;
0EDE : 00000000;
0EDF : 00000000;
0EE0 : 7E7E7B2D;
0EE1 : 0000001C;
0EE2 : 00000000;
0EE3 : 7E7D1A00;
0EE4 : 0000005F;
0EE5 : 00000000;
0EE6 : 00000000;
0EE7 : 7E7E3A00;
0EE8 : 0000001D;
0EE9 : 00000000;
0EEA : 7E7E3100;
0EEB : 00000048;
0EEC : 00000000;
0EED : 00000000;
0EEE : 7E5E0700;
0EEF : 00134F6E;
0EF0 : 37000000;
0EF1 : 7E7E7B69;
0EF2 : 00000048;
0EF3 : 00000000;
0EF4 : 00000000;
0EF5 : 6E060000;
0EF6 : 7C7D7E7B;
0EF7 : 7E7C7C7C;
0EF8 : 647E7E7E;
0EF9 : 00000009;
0EFA : 00000000;
0EFB : 00000000;
0EFC : 00000000;
0EFD : 7E725B2F;
0EFE : 7E7E7E7E;
0EFF : 0B3E617E;
0F00 : 00000000;
0F01 : 00000000;
0F02 : 00000000;
0F03 : 00000000;
0F04 : 120C0000;
0F05 : 2C3F2545;
0F06 : 00000312;
0F07 : 00000000;
0F08 : 00000000;
0F09 : 00000000;
0F0A : 00000000;
0F0B : 00000000;
0F0C : 00000000;
0F0D : 00000000;
0F0E : 00000000;
0F0F : 00000000;
0F10 : 00000000;
0F11 : 00000000;
0F12 : 00000000;
0F13 : 00000000;
0F14 : 00000000;
0F15 : 00000000;
0F16 : 00000000;
0F17 : 00000000;
0F18 : 00000000;
0F19 : 00000000;
0F1A : 00000000;
0F1B : 00000000;
0F1C : 00000000;
0F1D : 00000000;
0F1E : 00000000;
0F1F : 00000000;
0F20 : 00000000;
0F21 : 00000000;
0F22 : 00000000;
0F23 : 00000000;
0F24 : 00000000;
0F25 : 00000000;
0F26 : 00000000;
0F27 : 00000000;
0F28 : 00000000;
0F29 : 00000000;
0F2A : 00000000;
0F2B : 00000000;
0F2C : 00000000;
0F2D : 00000000;
0F2E : 00000000;
0F2F : 00000000;
0F30 : 00000000;
0F31 : 00000000;
0F32 : 00000000;
0F33 : 00000000;
0F34 : 00000000;
0F35 : 00000000;
0F36 : 00000000;
0F37 : 00000000;
0F38 : 00000000;
0F39 : 00000000;
0F3A : 00000000;
0F3B : 00000000;
0F3C : 00000000;
0F3D : 00000000;
0F3E : 00000000;
0F3F : 00000000;
0F40 : 00000000;
0F41 : 00000000;
0F42 : 00000000;
0F43 : 00000000;
0F44 : 00000000;
0F45 : 00000000;
0F46 : 00000000;
0F47 : 00000000;
0F48 : 00000000;
0F49 : 00000000;
0F4A : 00000000;
0F4B : 2D540000;
0F4C : 00000000;
0F4D : 00000000;
0F4E : 00000000;
0F4F : 00000000;
0F50 : 00000000;
0F51 : 00000000;
0F52 : 3F750100;
0F53 : 00000000;
0F54 : 00000000;
0F55 : 00000000;
0F56 : 00000000;
0F57 : 00000000;
0F58 : 00000000;
0F59 : 3F7F1900;
0F5A : 00000000;
0F5B : 00000000;
0F5C : 00000000;
0F5D : 00000000;
0F5E : 0F591300;
0F5F : 00000000;
0F60 : 287F1900;
0F61 : 00000000;
0F62 : 00000000;
0F63 : 00000000;
0F64 : 00000000;
0F65 : 297F2F00;
0F66 : 00000000;
0F67 : 1B7F2B00;
0F68 : 00000000;
0F69 : 00000000;
0F6A : 00000000;
0F6B : 00000000;
0F6C : 1C7F5000;
0F6D : 00000000;
0F6E : 02775E00;
0F6F : 00000000;
0F70 : 00000000;
0F71 : 00000000;
0F72 : 00000000;
0F73 : 01547106;
0F74 : 00000000;
0F75 : 00766100;
0F76 : 00000000;
0F77 : 00000000;
0F78 : 00000000;
0F79 : 00000000;
0F7A : 00397F1B;
0F7B : 00000000;
0F7C : 00537508;
0F7D : 00000000;
0F7E : 00000000;
0F7F : 00000000;
0F80 : 00000000;
0F81 : 00197F39;
0F82 : 00000000;
0F83 : 00347F33;
0F84 : 00000000;
0F85 : 00000000;
0F86 : 00000000;
0F87 : 03000000;
0F88 : 4E25766E;
0F89 : 7E7E5F5A;
0F8A : 00397F7E;
0F8B : 00000000;
0F8C : 00000000;
0F8D : 00000000;
0F8E : 07000000;
0F8F : 7E7F7F7F;
0F90 : 59595969;
0F91 : 2F7B7F7B;
0F92 : 00000000;
0F93 : 00000000;
0F94 : 00000000;
0F95 : 04000000;
0F96 : 0B3A776C;
0F97 : 00000000;
0F98 : 62797F71;
0F99 : 00000000;
0F9A : 00000000;
0F9B : 00000000;
0F9C : 00000000;
0F9D : 00000907;
0F9E : 0D000000;
0F9F : 12176779;
0FA0 : 00000000;
0FA1 : 00000000;
0FA2 : 00000000;
0FA3 : 00000000;
0FA4 : 00000000;
0FA5 : 31000000;
0FA6 : 0000427F;
0FA7 : 00000000;
0FA8 : 00000000;
0FA9 : 00000000;
0FAA : 00000000;
0FAB : 00000000;
0FAC : 3A000000;
0FAD : 0000217F;
0FAE : 00000000;
0FAF : 00000000;
0FB0 : 00000000;
0FB1 : 00000000;
0FB2 : 00000000;
0FB3 : 3A000000;
0FB4 : 00001E7F;
0FB5 : 00000000;
0FB6 : 00000000;
0FB7 : 00000000;
0FB8 : 00000000;
0FB9 : 00000000;
0FBA : 3A000000;
0FBB : 00001E7F;
0FBC : 00000000;
0FBD : 00000000;
0FBE : 00000000;
0FBF : 00000000;
0FC0 : 00000000;
0FC1 : 57000000;
0FC2 : 0000327F;
0FC3 : 00000000;
0FC4 : 00000000;
0FC5 : 00000000;
0FC6 : 00000000;
0FC7 : 00000000;
0FC8 : 5D000000;
0FC9 : 0000297F;
0FCA : 00000000;
0FCB : 00000000;
0FCC : 00000000;
0FCD : 00000000;
0FCE : 00000000;
0FCF : 39000000;
0FD0 : 00000558;
0FD1 : 00000000;
0FD2 : 00000000;
0FD3 : 00000000;
0FD4 : 00000000;
0FD5 : 00000000;
0FD6 : 00000000;
0FD7 : 00000000;
0FD8 : 00000000;
0FD9 : 00000000;
0FDA : 00000000;
0FDB : 00000000;
0FDC : 00000000;
0FDD : 00000000;
0FDE : 00000000;
0FDF : 00000000;
0FE0 : 00000000;
0FE1 : 00000000;
0FE2 : 00000000;
0FE3 : 00000000;
0FE4 : 00000000;
0FE5 : 00000000;
0FE6 : 00000000;
0FE7 : 00000000;
0FE8 : 00000000;
0FE9 : 00000000;
0FEA : 00000000;
0FEB : 00000000;
0FEC : 00000000;
0FED : 00000000;
0FEE : 00000000;
0FEF : 00000000;
0FF0 : 00000000;
0FF1 : 00000000;
0FF2 : 00000000;
0FF3 : 00000000;
0FF4 : 00000000;
0FF5 : 00000000;
0FF6 : 00000000;
0FF7 : 00000000;
0FF8 : 00000000;
0FF9 : 00000000;
0FFA : 00000000;
0FFB : 00000000;
0FFC : 00000000;
0FFD : 00000000;
0FFE : 00000000;
0FFF : 00000000;
1000 : 00000000;
1001 : 00000000;
1002 : 00000000;
1003 : 00000000;
1004 : 00000000;
1005 : 00000000;
1006 : 00000000;
1007 : 00000000;
1008 : 00000000;
1009 : 00000000;
100A : 00000000;
100B : 00000000;
100C : 00000000;
100D : 00000000;
100E : 00000000;
100F : 00000000;
1010 : 00000000;
1011 : 00000000;
1012 : 00000000;
1013 : 00000000;
1014 : 00000000;
1015 : 0F000000;
1016 : 00166046;
1017 : 00000000;
1018 : 00000000;
1019 : 00000000;
101A : 00000000;
101B : 00000000;
101C : 78491300;
101D : 18727F7F;
101E : 00001726;
101F : 00000000;
1020 : 00000000;
1021 : 00000000;
1022 : 01000000;
1023 : 7F7F7315;
1024 : 787F7F7F;
1025 : 0001627F;
1026 : 00000000;
1027 : 00000000;
1028 : 00000000;
1029 : 410A0000;
102A : 777F7F7F;
102B : 7F7F7F7E;
102C : 0002767F;
102D : 00000000;
102E : 00000000;
102F : 00000000;
1030 : 7F4D0000;
1031 : 23347C7F;
1032 : 7F7F7F63;
1033 : 00001C75;
1034 : 00000000;
1035 : 00000000;
1036 : 00000000;
1037 : 7E7E5601;
1038 : 6B3C1967;
1039 : 7F7F7F7F;
103A : 0000005C;
103B : 00000000;
103C : 00000000;
103D : 00000000;
103E : 6B7F7F38;
103F : 7F7F7B2B;
1040 : 6C7F7F7F;
1041 : 0000000F;
1042 : 00000000;
1043 : 00000000;
1044 : 02000000;
1045 : 7F7F7F73;
1046 : 40767F7F;
1047 : 3B7F7F62;
1048 : 00000000;
1049 : 00000000;
104A : 00000000;
104B : 01000000;
104C : 7A7F7F62;
104D : 17084177;
104E : 07637F7B;
104F : 00000000;
1050 : 00000000;
1051 : 00000000;
1052 : 00000000;
1053 : 142C2E08;
1054 : 56060000;
1055 : 0013797F;
1056 : 00000000;
1057 : 00000000;
1058 : 00000000;
1059 : 00000000;
105A : 00000000;
105B : 7F2F0000;
105C : 00004D7F;
105D : 00000000;
105E : 00000000;
105F : 00000000;
1060 : 00000000;
1061 : 00000000;
1062 : 7F690900;
1063 : 00000370;
1064 : 00000000;
1065 : 00000000;
1066 : 00000000;
1067 : 00000000;
1068 : 00000000;
1069 : 7F7F6200;
106A : 00000031;
106B : 00000000;
106C : 00000000;
106D : 00000000;
106E : 00000000;
106F : 00000000;
1070 : 597F7911;
1071 : 00000001;
1072 : 00000000;
1073 : 00000000;
1074 : 00000000;
1075 : 00000000;
1076 : 0D000000;
1077 : 0F707F6F;
1078 : 00000000;
1079 : 00000000;
107A : 00000000;
107B : 00000000;
107C : 00000000;
107D : 26000000;
107E : 003F7F7F;
107F : 00000000;
1080 : 00000000;
1081 : 00000000;
1082 : 00000000;
1083 : 00000000;
1084 : 771B0000;
1085 : 001A7C7F;
1086 : 00000000;
1087 : 00000000;
1088 : 00000000;
1089 : 00000000;
108A : 00000000;
108B : 7F5B0500;
108C : 0014737F;
108D : 00000000;
108E : 00000000;
108F : 00000000;
1090 : 00000000;
1091 : 00000000;
1092 : 7F7F3800;
1093 : 00001873;
1094 : 00000000;
1095 : 00000000;
1096 : 00000000;
1097 : 00000000;
1098 : 00000000;
1099 : 3F773700;
109A : 0000000C;
109B : 00000000;
109C : 00000000;
109D : 00000000;
109E : 00000000;
109F : 00000000;
10A0 : 00000000;
10A1 : 00000000;
10A2 : 00000000;
10A3 : 00000000;
10A4 : 00000000;
10A5 : 00000000;
10A6 : 00000000;
10A7 : 00000000;
10A8 : 00000000;
10A9 : 00000000;
10AA : 00000000;
10AB : 00000000;
10AC : 00000000;
10AD : 00000000;
10AE : 00000000;
10AF : 00000000;
10B0 : 00000000;
10B1 : 00000000;
10B2 : 00000000;
10B3 : 00000000;
10B4 : 00000000;
10B5 : 00000000;
10B6 : 00000000;
10B7 : 00000000;
10B8 : 00000000;
10B9 : 00000000;
10BA : 00000000;
10BB : 00000000;
10BC : 00000000;
10BD : 00000000;
10BE : 00000000;
10BF : 00000000;
10C0 : 00000000;
10C1 : 00000000;
10C2 : 00000000;
10C3 : 00000000;
10C4 : 7A7E5A18;
10C5 : 00000019;
10C6 : 00000000;
10C7 : 00000000;
10C8 : 00000000;
10C9 : 00000000;
10CA : 00000000;
10CB : 747E7E5C;
10CC : 00000052;
10CD : 00000000;
10CE : 00000000;
10CF : 00000000;
10D0 : 00000000;
10D1 : 21000000;
10D2 : 13447E75;
10D3 : 0000001C;
10D4 : 00000000;
10D5 : 00000000;
10D6 : 00000000;
10D7 : 00000000;
10D8 : 76090000;
10D9 : 0002587E;
10DA : 00000000;
10DB : 00000000;
10DC : 00000000;
10DD : 00000000;
10DE : 00000000;
10DF : 7E260000;
10E0 : 00001C7E;
10E1 : 00000000;
10E2 : 00000000;
10E3 : 00000000;
10E4 : 00000000;
10E5 : 00000000;
10E6 : 7E450000;
10E7 : 00000056;
10E8 : 00000000;
10E9 : 00000000;
10EA : 00000000;
10EB : 00000000;
10EC : 00000000;
10ED : 7E6A0B00;
10EE : 00000022;
10EF : 00000000;
10F0 : 00000000;
10F1 : 00000000;
10F2 : 00000000;
10F3 : 00000000;
10F4 : 787E3A00;
10F5 : 00000019;
10F6 : 00000000;
10F7 : 00000000;
10F8 : 00000000;
10F9 : 00000000;
10FA : 00000000;
10FB : 677E4E00;
10FC : 00000000;
10FD : 00000000;
10FE : 00000000;
10FF : 00000000;
1100 : 00000000;
1101 : 00000000;
1102 : 337E7300;
1103 : 00000000;
1104 : 00000000;
1105 : 00000000;
1106 : 00000000;
1107 : 00000000;
1108 : 00000000;
1109 : 5A7F7300;
110A : 7F7E5A45;
110B : 01306F7E;
110C : 00000000;
110D : 00000000;
110E : 00000000;
110F : 00000000;
1110 : 7E7E7300;
1111 : 697E7E7E;
1112 : 3A7E7E7E;
1113 : 00000000;
1114 : 00000000;
1115 : 00000000;
1116 : 00000000;
1117 : 787E7300;
1118 : 03222C5B;
1119 : 7E7E5522;
111A : 0000002A;
111B : 00000000;
111C : 00000000;
111D : 00000000;
111E : 4C7E4300;
111F : 00000000;
1120 : 7E6B0600;
1121 : 0000003A;
1122 : 00000000;
1123 : 00000000;
1124 : 00000000;
1125 : 677E3A00;
1126 : 00000000;
1127 : 7E4D0000;
1128 : 0000003A;
1129 : 00000000;
112A : 00000000;
112B : 00000000;
112C : 697F3500;
112D : 00000003;
112E : 7E741800;
112F : 0000003A;
1130 : 00000000;
1131 : 00000000;
1132 : 00000000;
1133 : 7E4F0000;
1134 : 0000044D;
1135 : 7E7E620F;
1136 : 0000002F;
1137 : 00000000;
1138 : 00000000;
1139 : 00000000;
113A : 71080000;
113B : 28234D7E;
113C : 41717E72;
113D : 00000000;
113E : 00000000;
113F : 00000000;
1140 : 00000000;
1141 : 19000000;
1142 : 7E7E7E71;
1143 : 00195C7E;
1144 : 00000000;
1145 : 00000000;
1146 : 00000000;
1147 : 00000000;
1148 : 00000000;
1149 : 5F7E5918;
114A : 0000033A;
114B : 00000000;
114C : 00000000;
114D : 00000000;
114E : 00000000;
114F : 00000000;
1150 : 00000000;
1151 : 00000000;
1152 : 00000000;
1153 : 00000000;
1154 : 00000000;
1155 : 00000000;
1156 : 00000000;
1157 : 00000000;
1158 : 00000000;
1159 : 00000000;
115A : 00000000;
115B : 00000000;
115C : 00000000;
115D : 00000000;
115E : 00000000;
115F : 00000000;
1160 : 00000000;
1161 : 00000000;
1162 : 00000000;
1163 : 00000000;
1164 : 00000000;
1165 : 00000000;
1166 : 00000000;
1167 : 00000000;
1168 : 00000000;
1169 : 00000000;
116A : 00000000;
116B : 00000000;
116C : 00000000;
116D : 00000000;
116E : 00000000;
116F : 00000000;
1170 : 00000000;
1171 : 00000000;
1172 : 00000000;
1173 : 00000000;
1174 : 00000000;
1175 : 00000000;
1176 : 00000000;
1177 : 00000000;
1178 : 00000000;
1179 : 00000000;
117A : 00000000;
117B : 00000000;
117C : 00000000;
117D : 00000000;
117E : 00000000;
117F : 00000000;
1180 : 00000000;
1181 : 00000000;
1182 : 00000000;
1183 : 00000000;
1184 : 00000000;
1185 : 00000000;
1186 : 00000000;
1187 : 1C7F3900;
1188 : 00000000;
1189 : 00000000;
118A : 00000000;
118B : 00000000;
118C : 00000000;
118D : 00000000;
118E : 1C7F7100;
118F : 00000000;
1190 : 00000000;
1191 : 00000000;
1192 : 00000000;
1193 : 00000000;
1194 : 00000000;
1195 : 00397F0E;
1196 : 00000000;
1197 : 00000000;
1198 : 00000000;
1199 : 00000000;
119A : 00000000;
119B : 00000000;
119C : 002B7F39;
119D : 00000000;
119E : 00000000;
119F : 00000000;
11A0 : 00000000;
11A1 : 00000000;
11A2 : 00000000;
11A3 : 000E7F63;
11A4 : 00000000;
11A5 : 00000000;
11A6 : 00000000;
11A7 : 00000000;
11A8 : 00000000;
11A9 : 0E000000;
11AA : 0000717F;
11AB : 00000000;
11AC : 00000000;
11AD : 00000000;
11AE : 00000000;
11AF : 00000000;
11B0 : 46000000;
11B1 : 0000467F;
11B2 : 00000000;
11B3 : 462B2B1C;
11B4 : 0000001C;
11B5 : 00000000;
11B6 : 00000000;
11B7 : 55000000;
11B8 : 00002B7F;
11B9 : 1C000000;
11BA : 7F7F7F71;
11BB : 00001C7F;
11BC : 00000000;
11BD : 00000000;
11BE : 55000000;
11BF : 00002B7F;
11C0 : 55000000;
11C1 : 1C397F7F;
11C2 : 00006371;
11C3 : 00000000;
11C4 : 00000000;
11C5 : 55000000;
11C6 : 00002B7F;
11C7 : 7F1C0000;
11C8 : 00002B7F;
11C9 : 00007F55;
11CA : 00000000;
11CB : 00000000;
11CC : 55000000;
11CD : 00002B7F;
11CE : 7F550000;
11CF : 0000002B;
11D0 : 002B7F55;
11D1 : 00000000;
11D2 : 00000000;
11D3 : 46000000;
11D4 : 0000397F;
11D5 : 637F0E00;
11D6 : 00000000;
11D7 : 002B7F55;
11D8 : 00000000;
11D9 : 00000000;
11DA : 0E000000;
11DB : 00007F7F;
11DC : 397F5500;
11DD : 00000000;
11DE : 00007163;
11DF : 00000000;
11E0 : 00000000;
11E1 : 00000000;
11E2 : 00397F63;
11E3 : 2B7F5500;
11E4 : 2B000000;
11E5 : 0000397F;
11E6 : 00000000;
11E7 : 00000000;
11E8 : 00000000;
11E9 : 557F7F2B;
11EA : 0E7F7F1C;
11EB : 712B0000;
11EC : 00000E71;
11ED : 00000000;
11EE : 00000000;
11EF : 00000000;
11F0 : 7F713900;
11F1 : 2B7F7F7F;
11F2 : 7F7F552B;
11F3 : 0000001C;
11F4 : 00000000;
11F5 : 00000000;
11F6 : 00000000;
11F7 : 460E0000;
11F8 : 7F7F7F7F;
11F9 : 0E637F7F;
11FA : 00000000;
11FB : 00000000;
11FC : 00000000;
11FD : 00000000;
11FE : 00000000;
11FF : 7F7F7100;
1200 : 00002B46;
1201 : 00000000;
1202 : 00000000;
1203 : 00000000;
1204 : 00000000;
1205 : 00000000;
1206 : 7F7F4600;
1207 : 001C5555;
1208 : 00000000;
1209 : 00000000;
120A : 00000000;
120B : 00000000;
120C : 00000000;
120D : 71460000;
120E : 000E3955;
120F : 00000000;
1210 : 00000000;
1211 : 00000000;
1212 : 00000000;
1213 : 00000000;
1214 : 00000000;
1215 : 00000000;
1216 : 00000000;
1217 : 00000000;
1218 : 00000000;
1219 : 00000000;
121A : 00000000;
121B : 00000000;
121C : 00000000;
121D : 00000000;
121E : 00000000;
121F : 00000000;
1220 : 00000000;
1221 : 00000000;
1222 : 00000000;
1223 : 00000000;
1224 : 00000000;
1225 : 00000000;
1226 : 00000000;
1227 : 00000000;
1228 : 00000000;
1229 : 00000000;
122A : 00000000;
122B : 00000000;
122C : 00000000;
122D : 00000000;
122E : 00000000;
122F : 00000000;
1230 : 00000000;
1231 : 00000000;
1232 : 00000000;
1233 : 00000000;
1234 : 00000000;
1235 : 00000000;
1236 : 00000000;
1237 : 00000000;
1238 : 00000000;
1239 : 00000000;
123A : 00000000;
123B : 00000000;
123C : 00000000;
123D : 00000000;
123E : 00000000;
123F : 00000000;
1240 : 00000000;
1241 : 00000000;
1242 : 00000000;
1243 : 00000000;
1244 : 00000000;
1245 : 00000000;
1246 : 00000000;
1247 : 00000000;
1248 : 00000000;
1249 : 00000000;
124A : 00000000;
124B : 00000000;
124C : 00000000;
124D : 00000000;
124E : 00000000;
124F : 00000000;
1250 : 00000000;
1251 : 00000000;
1252 : 00000000;
1253 : 00000000;
1254 : 00000000;
1255 : 00000000;
1256 : 00000000;
1257 : 00000000;
1258 : 00000000;
1259 : 00000000;
125A : 00000000;
125B : 7F764C22;
125C : 7E7F7F7F;
125D : 0000001A;
125E : 00000000;
125F : 00000000;
1260 : 00000000;
1261 : 76522B00;
1262 : 456D7F7E;
1263 : 7F4D1329;
1264 : 00000043;
1265 : 00000000;
1266 : 00000000;
1267 : 45000000;
1268 : 6C7F7E7B;
1269 : 00021B53;
126A : 5F320000;
126B : 00000001;
126C : 00000000;
126D : 00000000;
126E : 74000000;
126F : 031A547F;
1270 : 00000000;
1271 : 04110000;
1272 : 00000000;
1273 : 00000000;
1274 : 00000000;
1275 : 57000000;
1276 : 00002F7F;
1277 : 00000000;
1278 : 00000000;
1279 : 00000000;
127A : 00000000;
127B : 00000000;
127C : 7A130000;
127D : 0000066E;
127E : 00000000;
127F : 00000000;
1280 : 00000000;
1281 : 00000000;
1282 : 00000000;
1283 : 7F470000;
1284 : 0000004A;
1285 : 00000000;
1286 : 00000000;
1287 : 00000000;
1288 : 00000000;
1289 : 00000000;
128A : 7F4B0000;
128B : 00000038;
128C : 00000000;
128D : 00000000;
128E : 00000000;
128F : 00000000;
1290 : 00000000;
1291 : 79710000;
1292 : 00000010;
1293 : 00000000;
1294 : 00000000;
1295 : 00000000;
1296 : 00000000;
1297 : 00000000;
1298 : 65780600;
1299 : 16161616;
129A : 00000004;
129B : 00000000;
129C : 00000000;
129D : 00000000;
129E : 00000000;
129F : 7F7F2300;
12A0 : 7F7F7F7F;
12A1 : 00042A66;
12A2 : 00000000;
12A3 : 00000000;
12A4 : 00000000;
12A5 : 00000000;
12A6 : 545C1200;
12A7 : 6A514242;
12A8 : 04537F7F;
12A9 : 00000000;
12AA : 00000000;
12AB : 00000000;
12AC : 00000000;
12AD : 00000000;
12AE : 04000000;
12AF : 3E7F5819;
12B0 : 00000000;
12B1 : 00000000;
12B2 : 00000000;
12B3 : 00000000;
12B4 : 00000000;
12B5 : 00000000;
12B6 : 347F680D;
12B7 : 00000000;
12B8 : 00000000;
12B9 : 00000000;
12BA : 00000000;
12BB : 00000000;
12BC : 1F000000;
12BD : 06617F68;
12BE : 00000000;
12BF : 00000000;
12C0 : 00000000;
12C1 : 00000000;
12C2 : 03000000;
12C3 : 7A440500;
12C4 : 001A637F;
12C5 : 00000000;
12C6 : 00000000;
12C7 : 00000000;
12C8 : 00000000;
12C9 : 3D2B0600;
12CA : 7B7F6F49;
12CB : 0000063F;
12CC : 00000000;
12CD : 00000000;
12CE : 00000000;
12CF : 01000000;
12D0 : 7C697D3B;
12D1 : 18637E7F;
12D2 : 00000000;
12D3 : 00000000;
12D4 : 00000000;
12D5 : 00000000;
12D6 : 45000000;
12D7 : 7D7F7F7F;
12D8 : 00002464;
12D9 : 00000000;
12DA : 00000000;
12DB : 00000000;
12DC : 00000000;
12DD : 27000000;
12DE : 032B6253;
12DF : 00000000;
12E0 : 00000000;
12E1 : 00000000;
12E2 : 00000000;
12E3 : 00000000;
12E4 : 00000000;
12E5 : 00000000;
12E6 : 00000000;
12E7 : 00000000;
12E8 : 00000000;
12E9 : 00000000;
12EA : 00000000;
12EB : 00000000;
12EC : 00000000;
12ED : 00000000;
12EE : 00000000;
12EF : 00000000;
12F0 : 00000000;
12F1 : 00000000;
12F2 : 00000000;
12F3 : 00000000;
12F4 : 00000000;
12F5 : 00000000;
12F6 : 00000000;
12F7 : 00000000;
12F8 : 00000000;
12F9 : 00000000;
12FA : 00000000;
12FB : 00000000;
12FC : 00000000;
12FD : 00000000;
12FE : 00000000;
12FF : 00000000;
1300 : 00000000;
1301 : 00000000;
1302 : 00000000;
1303 : 00000000;
1304 : 00000000;
1305 : 00000000;
1306 : 00000000;
1307 : 00000000;
1308 : 00000000;
1309 : 00000000;
130A : 00000000;
130B : 00000000;
130C : 00000000;
130D : 00000000;
130E : 00000000;
130F : 00000000;
1310 : 00000000;
1311 : 00000000;
1312 : 00000000;
1313 : 00000000;
1314 : 00000000;
1315 : 00000000;
1316 : 00000000;
1317 : 00000000;
1318 : 00000000;
1319 : 00000000;
131A : 00000000;
131B : 00000000;
131C : 00000000;
131D : 62000000;
131E : 0000001E;
131F : 00000000;
1320 : 00000000;
1321 : 00000000;
1322 : 00000000;
1323 : 00000000;
1324 : 79190000;
1325 : 00000015;
1326 : 00000000;
1327 : 00000000;
1328 : 00000000;
1329 : 00000000;
132A : 00000000;
132B : 765D0100;
132C : 0000000A;
132D : 00002943;
132E : 00000000;
132F : 00000000;
1330 : 00000000;
1331 : 00000000;
1332 : 0D6A2C00;
1333 : 00000000;
1334 : 00005540;
1335 : 00000000;
1336 : 00000000;
1337 : 00000000;
1338 : 00000000;
1339 : 003C4000;
133A : 00000000;
133B : 0000682D;
133C : 00000000;
133D : 00000000;
133E : 00000000;
133F : 00000000;
1340 : 00387510;
1341 : 00000000;
1342 : 000F792D;
1343 : 00000000;
1344 : 00000000;
1345 : 00000000;
1346 : 00000000;
1347 : 000A6F3A;
1348 : 00000000;
1349 : 001D7A55;
134A : 00000000;
134B : 00000000;
134C : 00000000;
134D : 0F000000;
134E : 00003E78;
134F : 14000000;
1350 : 0000457C;
1351 : 00000000;
1352 : 00000000;
1353 : 00000000;
1354 : 3F010000;
1355 : 00000978;
1356 : 07000000;
1357 : 00004373;
1358 : 00000000;
1359 : 00000000;
135A : 00000000;
135B : 7F080000;
135C : 00000059;
135D : 00000000;
135E : 00004352;
135F : 00000000;
1360 : 00000000;
1361 : 00000000;
1362 : 5F040000;
1363 : 0A324474;
1364 : 00000000;
1365 : 0F0F6B38;
1366 : 0000010F;
1367 : 00000000;
1368 : 00000000;
1369 : 04000000;
136A : 6D61402C;
136B : 69696969;
136C : 667F7F71;
136D : 0000033C;
136E : 00000000;
136F : 00000000;
1370 : 00000000;
1371 : 05000000;
1372 : 2D2D1207;
1373 : 02117862;
1374 : 00000000;
1375 : 00000000;
1376 : 00000000;
1377 : 00000000;
1378 : 00000000;
1379 : 00000000;
137A : 00087452;
137B : 00000000;
137C : 00000000;
137D : 00000000;
137E : 00000000;
137F : 00000000;
1380 : 00000000;
1381 : 00004752;
1382 : 00000000;
1383 : 00000000;
1384 : 00000000;
1385 : 00000000;
1386 : 00000000;
1387 : 00000000;
1388 : 00005E2D;
1389 : 00000000;
138A : 00000000;
138B : 00000000;
138C : 00000000;
138D : 00000000;
138E : 00000000;
138F : 0011742D;
1390 : 00000000;
1391 : 00000000;
1392 : 00000000;
1393 : 00000000;
1394 : 00000000;
1395 : 00000000;
1396 : 001E7F0A;
1397 : 00000000;
1398 : 00000000;
1399 : 00000000;
139A : 00000000;
139B : 00000000;
139C : 00000000;
139D : 006D6802;
139E : 00000000;
139F : 00000000;
13A0 : 00000000;
13A1 : 00000000;
13A2 : 00000000;
13A3 : 00000000;
13A4 : 00533500;
13A5 : 00000000;
13A6 : 00000000;
13A7 : 00000000;
13A8 : 00000000;
13A9 : 00000000;
13AA : 00000000;
13AB : 00000000;
13AC : 00000000;
13AD : 00000000;
13AE : 00000000;
13AF : 00000000;
13B0 : 00000000;
13B1 : 00000000;
13B2 : 00000000;
13B3 : 00000000;
13B4 : 00000000;
13B5 : 00000000;
13B6 : 00000000;
13B7 : 00000000;
13B8 : 00000000;
13B9 : 00000000;
13BA : 00000000;
13BB : 00000000;
13BC : 00000000;
13BD : 00000000;
13BE : 00000000;
13BF : 00000000;
13C0 : 00000000;
13C1 : 00000000;
13C2 : 00000000;
13C3 : 00000000;
13C4 : 00000000;
13C5 : 00000000;
13C6 : 00000000;
13C7 : 00000000;
13C8 : 00000000;
13C9 : 00000000;
13CA : 00000000;
13CB : 00000000;
13CC : 00000000;
13CD : 00000000;
13CE : 00000000;
13CF : 00000000;
13D0 : 00000000;
13D1 : 00000000;
13D2 : 00000000;
13D3 : 00000000;
13D4 : 00000000;
13D5 : 00000000;
13D6 : 00000000;
13D7 : 00000000;
13D8 : 00000000;
13D9 : 00000000;
13DA : 00000000;
13DB : 61280100;
13DC : 2828282A;
13DD : 00000007;
13DE : 00000000;
13DF : 00000000;
13E0 : 00000000;
13E1 : 00000000;
13E2 : 7E7E0400;
13E3 : 7E7E7E7E;
13E4 : 0000004C;
13E5 : 00000000;
13E6 : 00000000;
13E7 : 00000000;
13E8 : 1C1F0500;
13E9 : 7E7E0400;
13EA : 7E7E7E7E;
13EB : 001C767D;
13EC : 00000000;
13ED : 00000000;
13EE : 00000000;
13EF : 787E4600;
13F0 : 7E500229;
13F1 : 7E7E7E7E;
13F2 : 001E7E7E;
13F3 : 00000000;
13F4 : 00000000;
13F5 : 05000000;
13F6 : 7E7E7C46;
13F7 : 68240049;
13F8 : 7E7E7E7E;
13F9 : 006A7E7E;
13FA : 00000000;
13FB : 00000000;
13FC : 49000000;
13FD : 7E7E7E7E;
13FE : 00001163;
13FF : 61477E50;
1400 : 267A7E7E;
1401 : 00000000;
1402 : 00000000;
1403 : 7D440400;
1404 : 7E7E7E7E;
1405 : 0000227E;
1406 : 0D021A07;
1407 : 4E7E7E64;
1408 : 00000000;
1409 : 00000000;
140A : 7E7E2800;
140B : 7E7E7E7E;
140C : 00001468;
140D : 00000000;
140E : 627E7E12;
140F : 00000010;
1410 : 00000000;
1411 : 7E7E2B00;
1412 : 757E7E7E;
1413 : 00000014;
1414 : 00000000;
1415 : 7E7E7E15;
1416 : 00000027;
1417 : 00000000;
1418 : 7E7E7F00;
1419 : 527E7E7E;
141A : 00000000;
141B : 00000000;
141C : 7E7E7E69;
141D : 00000027;
141E : 00000000;
141F : 7E7E7F00;
1420 : 09567E7E;
1421 : 00000000;
1422 : 00000000;
1423 : 7E7E7E69;
1424 : 00000027;
1425 : 00000000;
1426 : 7E7E7F00;
1427 : 0002697E;
1428 : 00000000;
1429 : 7B721500;
142A : 4F7E7E7E;
142B : 00000001;
142C : 00000000;
142D : 7E7E7F00;
142E : 0000687E;
142F : 31000000;
1430 : 7E7E694A;
1431 : 20797E7E;
1432 : 00000000;
1433 : 00000000;
1434 : 7E7E7F00;
1435 : 1A1A6D7E;
1436 : 7A725A1A;
1437 : 7E7E7E7E;
1438 : 00267E7E;
1439 : 00000000;
143A : 00000000;
143B : 7E7E5100;
143C : 7E7E7E7E;
143D : 7E7E7E7E;
143E : 7E7E7E7E;
143F : 000E607E;
1440 : 00000000;
1441 : 00000000;
1442 : 7E7E2800;
1443 : 7E7E7E7E;
1444 : 7E7E7E7E;
1445 : 757E7E7E;
1446 : 00000C60;
1447 : 00000000;
1448 : 00000000;
1449 : 7E691600;
144A : 7E7E7E7E;
144B : 7E7E7E7E;
144C : 21727E7E;
144D : 00000000;
144E : 00000000;
144F : 00000000;
1450 : 72130000;
1451 : 7E7E7E7E;
1452 : 7E7E7E7E;
1453 : 0020757C;
1454 : 00000000;
1455 : 00000000;
1456 : 00000000;
1457 : 13000000;
1458 : 7E7E7E69;
1459 : 5E7E7E7E;
145A : 00000039;
145B : 00000000;
145C : 00000000;
145D : 00000000;
145E : 00000000;
145F : 7E7E3615;
1460 : 0D272759;
1461 : 00000000;
1462 : 00000000;
1463 : 00000000;
1464 : 00000000;
1465 : 00000000;
1466 : 00000000;
1467 : 00000000;
1468 : 00000000;
1469 : 00000000;
146A : 00000000;
146B : 00000000;
146C : 00000000;
146D : 00000000;
146E : 00000000;
146F : 00000000;
1470 : 00000000;
1471 : 00000000;
1472 : 00000000;
1473 : 00000000;
1474 : 00000000;
1475 : 00000000;
1476 : 00000000;
1477 : 00000000;
1478 : 00000000;
1479 : 00000000;
147A : 00000000;
147B : 00000000;
147C : 00000000;
147D : 00000000;
147E : 00000000;
147F : 00000000;
1480 : 00000000;
1481 : 00000000;
1482 : 00000000;
1483 : 00000000;
1484 : 00000000;
1485 : 00000000;
1486 : 00000000;
1487 : 00000000;
1488 : 00000000;
1489 : 00000000;
148A : 00000000;
148B : 00000000;
148C : 00000000;
148D : 00000000;
148E : 00000000;
148F : 00000000;
1490 : 00000000;
1491 : 00000000;
1492 : 00000000;
1493 : 00000000;
1494 : 00000000;
1495 : 00000000;
1496 : 00000000;
1497 : 00000000;
1498 : 00000000;
1499 : 00000000;
149A : 00000000;
149B : 00000000;
149C : 00000000;
149D : 00000000;
149E : 00000000;
149F : 00000000;
14A0 : 00000000;
14A1 : 00000000;
14A2 : 00000000;
14A3 : 00000000;
14A4 : 00000000;
14A5 : 00000000;
14A6 : 00000000;
14A7 : 00000000;
14A8 : 00000000;
14A9 : 00000000;
14AA : 00000000;
14AB : 00000000;
14AC : 00000000;
14AD : 00000000;
14AE : 00000000;
14AF : 00000000;
14B0 : 00000000;
14B1 : 00000000;
14B2 : 00000000;
14B3 : 00000000;
14B4 : 00000000;
14B5 : 00000000;
14B6 : 00000000;
14B7 : 00000000;
14B8 : 00000000;
14B9 : 000A0000;
14BA : 2E050000;
14BB : 7E7F7E56;
14BC : 001F7E7F;
14BD : 00000000;
14BE : 00000000;
14BF : 00000000;
14C0 : 00470000;
14C1 : 7E6A330A;
14C2 : 41414B74;
14C3 : 00477E7E;
14C4 : 00000000;
14C5 : 00000000;
14C6 : 00000000;
14C7 : 4C4C5100;
14C8 : 335B746B;
14C9 : 00000000;
14CA : 197F7E42;
14CB : 00000000;
14CC : 00000000;
14CD : 00000000;
14CE : 7E7E7929;
14CF : 00000F41;
14D0 : 00000000;
14D1 : 417E6A05;
14D2 : 00000000;
14D3 : 00000000;
14D4 : 00000000;
14D5 : 0A33653D;
14D6 : 00000000;
14D7 : 00000000;
14D8 : 4B7F6500;
14D9 : 00000000;
14DA : 00000000;
14DB : 00000000;
14DC : 00000000;
14DD : 00000000;
14DE : 00000000;
14DF : 4B7E5100;
14E0 : 00000000;
14E1 : 00000000;
14E2 : 00000000;
14E3 : 00000000;
14E4 : 00000000;
14E5 : 00000000;
14E6 : 4B7F3300;
14E7 : 00000000;
14E8 : 00000000;
14E9 : 00000000;
14EA : 00000000;
14EB : 00000000;
14EC : 00000000;
14ED : 4B7E3300;
14EE : 00000000;
14EF : 00000000;
14F0 : 00000000;
14F1 : 00000000;
14F2 : 00000000;
14F3 : 00000000;
14F4 : 2D7F5100;
14F5 : 00000000;
14F6 : 00000000;
14F7 : 00000000;
14F8 : 00000000;
14F9 : 00000000;
14FA : 00000000;
14FB : 197E6500;
14FC : 00000000;
14FD : 00000000;
14FE : 00000000;
14FF : 00000000;
1500 : 00000000;
1501 : 00000000;
1502 : 00656500;
1503 : 00000000;
1504 : 00000000;
1505 : 00000000;
1506 : 00000000;
1507 : 00000000;
1508 : 00000000;
1509 : 003D6F0A;
150A : 00000000;
150B : 00000000;
150C : 00000000;
150D : 00000000;
150E : 00000000;
150F : 00000000;
1510 : 00337E24;
1511 : 00000000;
1512 : 00000000;
1513 : 00000000;
1514 : 00000000;
1515 : 00000000;
1516 : 00000000;
1517 : 00337E74;
1518 : 00000000;
1519 : 00000000;
151A : 00000000;
151B : 00000000;
151C : 00000000;
151D : 00000000;
151E : 0000747F;
151F : 00000000;
1520 : 00000000;
1521 : 00000000;
1522 : 00000000;
1523 : 00000000;
1524 : 14000000;
1525 : 00004B7E;
1526 : 00000000;
1527 : 00000000;
1528 : 00000000;
1529 : 00000000;
152A : 00000000;
152B : 3D000000;
152C : 0000197F;
152D : 00000000;
152E : 00000000;
152F : 00000000;
1530 : 00000000;
1531 : 00000000;
1532 : 6F0A0000;
1533 : 00000F74;
1534 : 00000000;
1535 : 00000000;
1536 : 00000000;
1537 : 00000000;
1538 : 00000000;
1539 : 7E190000;
153A : 0000005B;
153B : 00000000;
153C : 00000000;
153D : 00000000;
153E : 00000000;
153F : 00000000;
1540 : 7E190000;
1541 : 0000000A;
1542 : 00000000;
1543 : 00000000;
1544 : 00000000;
1545 : 00000000;
1546 : 00000000;
1547 : 00000000;
1548 : 00000000;
1549 : 00000000;
154A : 00000000;
154B : 00000000;
154C : 00000000;
154D : 00000000;
154E : 00000000;
154F : 00000000;
1550 : 00000000;
1551 : 00000000;
1552 : 00000000;
1553 : 00000000;
1554 : 00000000;
1555 : 00000000;
1556 : 00000000;
1557 : 00000000;
1558 : 00000000;
1559 : 00000000;
155A : 00000000;
155B : 00000000;
155C : 00000000;
155D : 00000000;
155E : 00000000;
155F : 00000000;
1560 : 00000000;
1561 : 00000000;
1562 : 00000000;
1563 : 00000000;
1564 : 00000000;
1565 : 00000000;
1566 : 00000000;
1567 : 00000000;
1568 : 00000000;
1569 : 00000000;
156A : 0000396E;
156B : 00000000;
156C : 00000000;
156D : 00000000;
156E : 00000000;
156F : 00000000;
1570 : 19000000;
1571 : 00004A7F;
1572 : 730B0000;
1573 : 00000043;
1574 : 00000000;
1575 : 00000000;
1576 : 00000000;
1577 : 54000000;
1578 : 0000397F;
1579 : 7E0C0000;
157A : 0000005C;
157B : 00000000;
157C : 00000000;
157D : 00000000;
157E : 75190000;
157F : 0000287F;
1580 : 7E2D0000;
1581 : 0000005C;
1582 : 00000000;
1583 : 00000000;
1584 : 00000000;
1585 : 7F6E0600;
1586 : 00000050;
1587 : 7F460000;
1588 : 0000003F;
1589 : 00000000;
158A : 00000000;
158B : 00000000;
158C : 7E7E3900;
158D : 00000026;
158E : 7E670000;
158F : 0000002E;
1590 : 00000000;
1591 : 00000000;
1592 : 00000000;
1593 : 337E7407;
1594 : 00000000;
1595 : 7E670000;
1596 : 00000008;
1597 : 00000000;
1598 : 00000000;
1599 : 00000000;
159A : 09657E72;
159B : 00000000;
159C : 7E781100;
159D : 00000000;
159E : 00000000;
159F : 00000000;
15A0 : 55030000;
15A1 : 00177F7F;
15A2 : 00000000;
15A3 : 7F7F1700;
15A4 : 00000000;
15A5 : 00000000;
15A6 : 00000000;
15A7 : 7E0C0000;
15A8 : 51757E7F;
15A9 : 000D1717;
15AA : 7E7E4100;
15AB : 00000000;
15AC : 00000000;
15AD : 00000000;
15AE : 7B0A0000;
15AF : 7E7E7E7F;
15B0 : 57747E7F;
15B1 : 587E7468;
15B2 : 00000000;
15B3 : 00000000;
15B4 : 00000000;
15B5 : 2A000000;
15B6 : 6D6D6950;
15B7 : 7E7E7E7F;
15B8 : 227A7E7F;
15B9 : 00000000;
15BA : 00000000;
15BB : 00000000;
15BC : 00000000;
15BD : 00000000;
15BE : 2E47472E;
15BF : 00737F55;
15C0 : 00000000;
15C1 : 00000000;
15C2 : 00000000;
15C3 : 00000000;
15C4 : 00000000;
15C5 : 00000000;
15C6 : 006A7E4C;
15C7 : 00000000;
15C8 : 00000000;
15C9 : 00000000;
15CA : 00000000;
15CB : 00000000;
15CC : 00000000;
15CD : 00447E55;
15CE : 00000000;
15CF : 00000000;
15D0 : 00000000;
15D1 : 00000000;
15D2 : 00000000;
15D3 : 00000000;
15D4 : 00447E6E;
15D5 : 00000000;
15D6 : 00000000;
15D7 : 00000000;
15D8 : 00000000;
15D9 : 00000000;
15DA : 1E000000;
15DB : 00287F7F;
15DC : 00000000;
15DD : 00000000;
15DE : 00000000;
15DF : 00000000;
15E0 : 00000000;
15E1 : 2E000000;
15E2 : 00177E7F;
15E3 : 00000000;
15E4 : 00000000;
15E5 : 00000000;
15E6 : 00000000;
15E7 : 00000000;
15E8 : 19000000;
15E9 : 00046B7F;
15EA : 00000000;
15EB : 00000000;
15EC : 00000000;
15ED : 00000000;
15EE : 00000000;
15EF : 00000000;
15F0 : 0000355D;
15F1 : 00000000;
15F2 : 00000000;
15F3 : 00000000;
15F4 : 00000000;
15F5 : 00000000;
15F6 : 00000000;
15F7 : 00000000;
15F8 : 00000000;
15F9 : 00000000;
15FA : 00000000;
15FB : 00000000;
15FC : 00000000;
15FD : 00000000;
15FE : 00000000;
15FF : 00000000;
1600 : 00000000;
1601 : 00000000;
1602 : 00000000;
1603 : 00000000;
1604 : 00000000;
1605 : 00000000;
1606 : 00000000;
1607 : 00000000;
1608 : 00000000;
1609 : 00000000;
160A : 00000000;
160B : 00000000;
160C : 00000000;
160D : 00000000;
160E : 00000000;
160F : 00000000;
1610 : 00000000;
1611 : 00000000;
1612 : 00000000;
1613 : 00000000;
1614 : 00000000;
1615 : 00000000;
1616 : 00000000;
1617 : 00000000;
1618 : 00000000;
1619 : 00000000;
161A : 00000000;
161B : 00000000;
161C : 00000000;
161D : 00000000;
161E : 00000000;
161F : 00000000;
1620 : 00000000;
1621 : 00000000;
1622 : 00000000;
1623 : 00000000;
1624 : 00000000;
1625 : 00000000;
1626 : 00000000;
1627 : 00000000;
1628 : 00000000;
1629 : 00000000;
162A : 00000000;
162B : 00000000;
162C : 00000000;
162D : 7F7F1000;
162E : 7F7F7F7F;
162F : 002C414E;
1630 : 00000000;
1631 : 00000000;
1632 : 00000000;
1633 : 00000000;
1634 : 7E7E1000;
1635 : 7E7E7E7E;
1636 : 367E7E7E;
1637 : 00000001;
1638 : 00000000;
1639 : 00000000;
163A : 00000000;
163B : 77400700;
163C : 7E7E7E7E;
163D : 7E7E7E7E;
163E : 0000000F;
163F : 00000000;
1640 : 00000000;
1641 : 00000000;
1642 : 1C000000;
1643 : 75537C7E;
1644 : 7E7E7E7E;
1645 : 00000034;
1646 : 00000000;
1647 : 00000000;
1648 : 00000000;
1649 : 59020000;
164A : 0D005B7E;
164B : 7E7E7B43;
164C : 0000076B;
164D : 00000000;
164E : 00000000;
164F : 00000000;
1650 : 7E410200;
1651 : 00000D6F;
1652 : 7E7E5D00;
1653 : 00000C7E;
1654 : 00000000;
1655 : 00000000;
1656 : 00000000;
1657 : 7E7E1000;
1658 : 0000003D;
1659 : 7E7B2100;
165A : 0000357E;
165B : 00000000;
165C : 00000000;
165D : 00000000;
165E : 637E3A00;
165F : 0000000C;
1660 : 7E5D0000;
1661 : 00004A7E;
1662 : 00000000;
1663 : 00000000;
1664 : 00000000;
1665 : 217A7017;
1666 : 00000000;
1667 : 7E2C0000;
1668 : 00004A7E;
1669 : 00000000;
166A : 00000000;
166B : 00000000;
166C : 005C7E4A;
166D : 00000000;
166E : 7E2C0000;
166F : 00004A7E;
1670 : 00000000;
1671 : 00000000;
1672 : 07000000;
1673 : 002E7E72;
1674 : 00000000;
1675 : 7E2C0000;
1676 : 00004A7E;
1677 : 00000000;
1678 : 00000000;
1679 : 09000000;
167A : 002E7E7E;
167B : 00000000;
167C : 7E2C0000;
167D : 00004A7E;
167E : 00000000;
167F : 00000000;
1680 : 09000000;
1681 : 002E7E7E;
1682 : 00000000;
1683 : 7E2C0000;
1684 : 0000367E;
1685 : 00000000;
1686 : 00000000;
1687 : 09000000;
1688 : 00437E7E;
1689 : 00000000;
168A : 7E2C0000;
168B : 0000086D;
168C : 00000000;
168D : 00000000;
168E : 09000000;
168F : 10737E7E;
1690 : 00000000;
1691 : 7E420000;
1692 : 0000004D;
1693 : 00000000;
1694 : 00000000;
1695 : 09000000;
1696 : 747E7E7E;
1697 : 3225003C;
1698 : 6C7C6432;
1699 : 00000010;
169A : 00000000;
169B : 00000000;
169C : 01000000;
169D : 7E7E7E4F;
169E : 7E7B737C;
169F : 367E7E7E;
16A0 : 00000000;
16A1 : 00000000;
16A2 : 00000000;
16A3 : 00000000;
16A4 : 7E7E7E2F;
16A5 : 7E7E7E7E;
16A6 : 013B7E7E;
16A7 : 00000000;
16A8 : 00000000;
16A9 : 00000000;
16AA : 00000000;
16AB : 7E7E1401;
16AC : 7E7E7E7E;
16AD : 00013B7E;
16AE : 00000000;
16AF : 00000000;
16B0 : 00000000;
16B1 : 00000000;
16B2 : 2C190800;
16B3 : 0231526B;
16B4 : 00000002;
16B5 : 00000000;
16B6 : 00000000;
16B7 : 00000000;
16B8 : 00000000;
16B9 : 00000000;
16BA : 00000000;
16BB : 00000000;
16BC : 00000000;
16BD : 00000000;
16BE : 00000000;
16BF : 00000000;
16C0 : 00000000;
16C1 : 00000000;
16C2 : 00000000;
16C3 : 00000000;
16C4 : 00000000;
16C5 : 00000000;
16C6 : 00000000;
16C7 : 00000000;
16C8 : 00000000;
16C9 : 00000000;
16CA : 00000000;
16CB : 00000000;
16CC : 00000000;
16CD : 00000000;
16CE : 00000000;
16CF : 00000000;
16D0 : 00000000;
16D1 : 00000000;
16D2 : 00000000;
16D3 : 00000000;
16D4 : 00000000;
16D5 : 00000000;
16D6 : 00000000;
16D7 : 00000000;
16D8 : 00000000;
16D9 : 00000000;
16DA : 00000000;
16DB : 00000000;
16DC : 00000000;
16DD : 00000000;
16DE : 00000000;
16DF : 00000000;
16E0 : 00000000;
16E1 : 00000000;
16E2 : 00000000;
16E3 : 00000000;
16E4 : 00000000;
16E5 : 00000000;
16E6 : 00000000;
16E7 : 00000000;
16E8 : 00000000;
16E9 : 00000000;
16EA : 6D000000;
16EB : 0000057E;
16EC : 00000000;
16ED : 00000000;
16EE : 00000000;
16EF : 00000000;
16F0 : 00000000;
16F1 : 6C000000;
16F2 : 00002E7E;
16F3 : 00000000;
16F4 : 00000000;
16F5 : 00000000;
16F6 : 00000000;
16F7 : 00000000;
16F8 : 64000000;
16F9 : 00007E7E;
16FA : 00000000;
16FB : 00000000;
16FC : 00000000;
16FD : 00000000;
16FE : 00000000;
16FF : 27000000;
1700 : 000C7D66;
1701 : 00000000;
1702 : 00000000;
1703 : 00000000;
1704 : 00000000;
1705 : 00000000;
1706 : 00000000;
1707 : 004A7C27;
1708 : 00000000;
1709 : 00000000;
170A : 00000000;
170B : 00000000;
170C : 00000000;
170D : 00000000;
170E : 00787E36;
170F : 00000000;
1710 : 00000000;
1711 : 00000000;
1712 : 00000000;
1713 : 00000000;
1714 : 00000000;
1715 : 00787E67;
1716 : 00000000;
1717 : 00000000;
1718 : 00000000;
1719 : 00000000;
171A : 00000000;
171B : 00000000;
171C : 00787E3F;
171D : 00000000;
171E : 00000000;
171F : 00000000;
1720 : 00000000;
1721 : 00000000;
1722 : 00000000;
1723 : 00787E50;
1724 : 00000000;
1725 : 00000000;
1726 : 00000000;
1727 : 00000000;
1728 : 00000000;
1729 : 00000000;
172A : 337E7E72;
172B : 00000000;
172C : 00000000;
172D : 00000000;
172E : 00000000;
172F : 00000000;
1730 : 00000000;
1731 : 557F5C1A;
1732 : 00000000;
1733 : 00000000;
1734 : 00000000;
1735 : 00000000;
1736 : 00000000;
1737 : 00000000;
1738 : 727E3C00;
1739 : 00000000;
173A : 00000000;
173B : 00000000;
173C : 00000000;
173D : 00000000;
173E : 00000000;
173F : 727E3C00;
1740 : 00000000;
1741 : 00000000;
1742 : 00000000;
1743 : 00000000;
1744 : 00000000;
1745 : 00000000;
1746 : 727E3C00;
1747 : 00000000;
1748 : 00000000;
1749 : 00000000;
174A : 00000000;
174B : 00000000;
174C : 00000000;
174D : 727E3C00;
174E : 00000000;
174F : 00000000;
1750 : 00000000;
1751 : 00000000;
1752 : 00000000;
1753 : 00000000;
1754 : 757E6A00;
1755 : 0000000E;
1756 : 00000000;
1757 : 00000000;
1758 : 00000000;
1759 : 00000000;
175A : 00000000;
175B : 7E7E6400;
175C : 00000030;
175D : 00000000;
175E : 00000000;
175F : 00000000;
1760 : 00000000;
1761 : 00000000;
1762 : 7E7E3C00;
1763 : 00000030;
1764 : 00000000;
1765 : 00000000;
1766 : 00000000;
1767 : 00000000;
1768 : 00000000;
1769 : 7E7E3C00;
176A : 00000030;
176B : 00000000;
176C : 00000000;
176D : 00000000;
176E : 00000000;
176F : 00000000;
1770 : 78612000;
1771 : 00000019;
1772 : 00000000;
1773 : 00000000;
1774 : 00000000;
1775 : 00000000;
1776 : 00000000;
1777 : 00000000;
1778 : 00000000;
1779 : 00000000;
177A : 00000000;
177B : 00000000;
177C : 00000000;
177D : 00000000;
177E : 00000000;
177F : 00000000;
1780 : 00000000;
1781 : 00000000;
1782 : 00000000;
1783 : 00000000;
1784 : 00000000;
1785 : 00000000;
1786 : 00000000;
1787 : 00000000;
1788 : 00000000;
1789 : 00000000;
178A : 00000000;
178B : 00000000;
178C : 00000000;
178D : 00000000;
178E : 00000000;
178F : 00000000;
1790 : 00000000;
1791 : 00000000;
1792 : 00000000;
1793 : 00000000;
1794 : 00000000;
1795 : 00000000;
1796 : 00000000;
1797 : 00000000;
1798 : 00000000;
1799 : 00000000;
179A : 00000000;
179B : 00000000;
179C : 00000000;
179D : 00000000;
179E : 00000000;
179F : 00000000;
17A0 : 00000000;
17A1 : 00000000;
17A2 : 00000000;
17A3 : 00000000;
17A4 : 00000000;
17A5 : 00000000;
17A6 : 00000000;
17A7 : 00000000;
17A8 : 00000000;
17A9 : 00000000;
17AA : 00000000;
17AB : 00000000;
17AC : 00000000;
17AD : 00000000;
17AE : 00000000;
17AF : 00000000;
17B0 : 00000000;
17B1 : 00000000;
17B2 : 00000000;
17B3 : 00000000;
17B4 : 00000000;
17B5 : 00000000;
17B6 : 00000000;
17B7 : 00000000;
17B8 : 00000000;
17B9 : 00000000;
17BA : 00000000;
17BB : 0A000000;
17BC : 7E7F6038;
17BD : 567F7E7F;
17BE : 00000029;
17BF : 00000000;
17C0 : 00000000;
17C1 : 00000000;
17C2 : 5B000000;
17C3 : 7E7E7E7E;
17C4 : 7E7E7E7E;
17C5 : 00001479;
17C6 : 00000000;
17C7 : 00000000;
17C8 : 00000000;
17C9 : 65000000;
17CA : 335B747F;
17CB : 7E756565;
17CC : 00004B7F;
17CD : 00000000;
17CE : 00000000;
17CF : 00000000;
17D0 : 28000000;
17D1 : 0000194B;
17D2 : 7E601400;
17D3 : 0000377E;
17D4 : 00000000;
17D5 : 00000000;
17D6 : 00000000;
17D7 : 00000000;
17D8 : 00000000;
17D9 : 7E7F6A05;
17DA : 00000065;
17DB : 00000000;
17DC : 00000000;
17DD : 00000000;
17DE : 00000000;
17DF : 3D000000;
17E0 : 7E7E7E6A;
17E1 : 00000028;
17E2 : 00000000;
17E3 : 00000000;
17E4 : 00000000;
17E5 : 00000000;
17E6 : 7E190000;
17E7 : 4B7F7E7F;
17E8 : 0000000A;
17E9 : 00000000;
17EA : 00000000;
17EB : 00000000;
17EC : 00000000;
17ED : 6A050000;
17EE : 747E7E7E;
17EF : 00293D6F;
17F0 : 00000000;
17F1 : 00000000;
17F2 : 00000000;
17F3 : 00000000;
17F4 : 00000000;
17F5 : 7E7F6F3D;
17F6 : 237F7E7F;
17F7 : 00000000;
17F8 : 00000000;
17F9 : 00000000;
17FA : 00000000;
17FB : 00000000;
17FC : 41190A00;
17FD : 607E7E6A;
17FE : 00000000;
17FF : 00000000;
1800 : 00000000;
1801 : 00000000;
1802 : 00000000;
1803 : 00000000;
1804 : 7E7F510A;
1805 : 00000033;
1806 : 00000000;
1807 : 00000000;
1808 : 00000000;
1809 : 00000000;
180A : 00000000;
180B : 7E7E650A;
180C : 0000001E;
180D : 00000000;
180E : 00000000;
180F : 00000000;
1810 : 00000000;
1811 : 00000000;
1812 : 2D7F7E42;
1813 : 00000000;
1814 : 00000000;
1815 : 00000000;
1816 : 00000000;
1817 : 00000000;
1818 : 470A0000;
1819 : 0F747E7E;
181A : 00000000;
181B : 00000000;
181C : 00000000;
181D : 00000000;
181E : 00000000;
181F : 7E6B1400;
1820 : 00006A7F;
1821 : 00000000;
1822 : 00000000;
1823 : 00000000;
1824 : 00000000;
1825 : 00000000;
1826 : 7E7E7951;
1827 : 00000556;
1828 : 00000000;
1829 : 00000000;
182A : 00000000;
182B : 00000000;
182C : 7E565605;
182D : 28707E7F;
182E : 00000000;
182F : 00000000;
1830 : 00000000;
1831 : 00000000;
1832 : 00000000;
1833 : 7E7E7E42;
1834 : 000A557E;
1835 : 00000000;
1836 : 00000000;
1837 : 00000000;
1838 : 00000000;
1839 : 00000000;
183A : 657A7E4C;
183B : 00000029;
183C : 00000000;
183D : 00000000;
183E : 00000000;
183F : 00000000;
1840 : 00000000;
1841 : 003D602E;
1842 : 00000000;
1843 : 00000000;
1844 : 00000000;
1845 : 00000000;
1846 : 00000000;
1847 : 00000000;
1848 : 00000000;
1849 : 00000000;
184A : 00000000;
184B : 00000000;
184C : 00000000;
184D : 00000000;
184E : 00000000;
184F : 00000000;
1850 : 00000000;
1851 : 00000000;
1852 : 00000000;
1853 : 00000000;
1854 : 00000000;
1855 : 00000000;
1856 : 00000000;
1857 : 00000000;
1858 : 00000000;
1859 : 00000000;
185A : 00000000;
185B : 00000000;
185C : 00000000;
185D : 00000000;
185E : 00000000;
185F : 00000000;
1860 : 00000000;
1861 : 00000000;
1862 : 00000000;
1863 : 00000000;
1864 : 00000000;
1865 : 00000000;
1866 : 00000000;
1867 : 00000000;
1868 : 00000000;
1869 : 00000000;
186A : 00000000;
186B : 00000000;
186C : 00000000;
186D : 00000000;
186E : 00000000;
186F : 00000000;
1870 : 00000000;
1871 : 00000000;
1872 : 00000000;
1873 : 00000000;
1874 : 00000000;
1875 : 00000000;
1876 : 00000000;
1877 : 00000000;
1878 : 00000000;
1879 : 00000000;
187A : 000F6065;
187B : 00000000;
187C : 00000000;
187D : 00000000;
187E : 00000000;
187F : 00000000;
1880 : 00000000;
1881 : 00417E65;
1882 : 00000000;
1883 : 00000000;
1884 : 00000000;
1885 : 00000000;
1886 : 00000000;
1887 : 00000000;
1888 : 004B7F33;
1889 : 00000000;
188A : 00000000;
188B : 00000000;
188C : 00000000;
188D : 00000000;
188E : 00000000;
188F : 004B7E33;
1890 : 00000000;
1891 : 00000000;
1892 : 00000000;
1893 : 00000000;
1894 : 00000000;
1895 : 00000000;
1896 : 007E7F14;
1897 : 00000000;
1898 : 00000000;
1899 : 00000000;
189A : 00000000;
189B : 00000000;
189C : 00000000;
189D : 297E7E00;
189E : 00000000;
189F : 00000000;
18A0 : 00000000;
18A1 : 00000000;
18A2 : 00000000;
18A3 : 00000000;
18A4 : 657E4C00;
18A5 : 00000000;
18A6 : 00000000;
18A7 : 00000000;
18A8 : 00000000;
18A9 : 00000000;
18AA : 00000000;
18AB : 657E4C00;
18AC : 00000000;
18AD : 00000000;
18AE : 00000000;
18AF : 00000000;
18B0 : 00000000;
18B1 : 00000000;
18B2 : 6B7E2E00;
18B3 : 00000005;
18B4 : 00000000;
18B5 : 00000000;
18B6 : 00000000;
18B7 : 00000000;
18B8 : 00000000;
18B9 : 7E6A0500;
18BA : 00000019;
18BB : 00000000;
18BC : 00000000;
18BD : 00000000;
18BE : 00000000;
18BF : 00000000;
18C0 : 7F650000;
18C1 : 00000038;
18C2 : 00000000;
18C3 : 00000000;
18C4 : 00000000;
18C5 : 00000000;
18C6 : 00000000;
18C7 : 7E510000;
18C8 : 0000004B;
18C9 : 00000000;
18CA : 00000000;
18CB : 00000000;
18CC : 00000000;
18CD : 00000000;
18CE : 7F330000;
18CF : 0000004B;
18D0 : 00000000;
18D1 : 00000000;
18D2 : 00000000;
18D3 : 00000000;
18D4 : 00000000;
18D5 : 7E330000;
18D6 : 00000060;
18D7 : 00000000;
18D8 : 00000000;
18D9 : 00000000;
18DA : 00000000;
18DB : 00000000;
18DC : 7F330000;
18DD : 0000007E;
18DE : 00000000;
18DF : 00000000;
18E0 : 00000000;
18E1 : 00000000;
18E2 : 00000000;
18E3 : 7E330000;
18E4 : 0000007E;
18E5 : 00000000;
18E6 : 00000000;
18E7 : 00000000;
18E8 : 00000000;
18E9 : 00000000;
18EA : 7F140000;
18EB : 0000007E;
18EC : 00000000;
18ED : 00000000;
18EE : 00000000;
18EF : 00000000;
18F0 : 00000000;
18F1 : 7E000000;
18F2 : 0000007E;
18F3 : 00000000;
18F4 : 00000000;
18F5 : 00000000;
18F6 : 00000000;
18F7 : 00000000;
18F8 : 56000000;
18F9 : 00001F7E;
18FA : 00000000;
18FB : 00000000;
18FC : 00000000;
18FD : 00000000;
18FE : 00000000;
18FF : 19000000;
1900 : 0000337E;
1901 : 00000000;
1902 : 00000000;
1903 : 00000000;
1904 : 00000000;
1905 : 00000000;
1906 : 00000000;
1907 : 00000000;
1908 : 00000000;
1909 : 00000000;
190A : 00000000;
190B : 00000000;
190C : 00000000;
190D : 00000000;
190E : 00000000;
190F : 00000000;
1910 : 00000000;
1911 : 00000000;
1912 : 00000000;
1913 : 00000000;
1914 : 00000000;
1915 : 00000000;
1916 : 00000000;
1917 : 00000000;
1918 : FC010201;
1919 : 02FF0102;
191A : 01000101;
191B : 02FF00FE;
191C : FFFEFF00;
191D : 0303FF00;
191E : FF00FBF9;
191F : FD060101;
1920 : 020206FF;
1921 : 0000FCFF;
1922 : FD00FEFD;
1923 : FF00FFFD;
1924 : FE000201;
1925 : FD02FF02;
1926 : FFFD0002;
1927 : FDFD0100;
1928 : 0201FF00;
1929 : FF0301FC;
192A : 01FFFEFC;
192B : FEFFFAFD;
192C : FDFC0102;
192D : 00FF0202;
192E : 01020101;
192F : F7030100;
1930 : EAEBF7FA;
1931 : 02F3F6F0;
1932 : FBFDFB03;
1933 : 00FCFE04;
1934 : 000102FF;
1935 : 03FD01FE;
1936 : F4EEF703;
1937 : E6D9E3F8;
1938 : 09F7F6FA;
1939 : FD0802F8;
193A : FCFEF7F6;
193B : 000004FD;
193C : 01FDFF01;
193D : 03FF070F;
193E : F7E8E0FE;
193F : ECEFEFEE;
1940 : FCFEEFDE;
1941 : 0000F8FC;
1942 : FFFF00FE;
1943 : FDF1FD00;
1944 : 05F40604;
1945 : 01070511;
1946 : FF090E03;
1947 : FD0908DB;
1948 : F9FEEEF9;
1949 : FD000003;
194A : F6F60505;
194B : 01FA14FB;
194C : FF0D1E01;
194D : 13F5111E;
194E : FFEEF6F8;
194F : FE000307;
1950 : 02FBFFFE;
1951 : 06F9FBFD;
1952 : 03041E1D;
1953 : 0203FDFA;
1954 : 090F00E9;
1955 : FCFEEBE9;
1956 : 00FE0A06;
1957 : FE01FE01;
1958 : 09F0F7FB;
1959 : 0EFF0E18;
195A : 0BFCF703;
195B : FF03F1FE;
195C : F101FCE8;
195D : 09FBF7FD;
195E : 0202FF02;
195F : F6EAF9FB;
1960 : 02020AFB;
1961 : 1C07FDFE;
1962 : 02F8F112;
1963 : F0F5F7F5;
1964 : 0201FFFB;
1965 : 05050201;
1966 : F9F6FA01;
1967 : 0A0F0807;
1968 : 1E0FF2F6;
1969 : FDEFF323;
196A : F3FDFBF6;
196B : 01FBF1FD;
196C : 01FF0401;
196D : FFF4FCFC;
196E : 020BFD05;
196F : 240F01F6;
1970 : FA10FC2B;
1971 : FFF802F9;
1972 : 01FAFEFE;
1973 : FC040300;
1974 : 05FDF9FF;
1975 : FA190EF8;
1976 : 2D190106;
1977 : F3060C1C;
1978 : 03020504;
1979 : 02FFFEFF;
197A : FB00FF00;
197B : 01ECF700;
197C : FCFD01F8;
197D : 1D180105;
197E : 02020120;
197F : 08FE01FA;
1980 : 0001FFFF;
1981 : 01FF0000;
1982 : F0EFF601;
1983 : 1009F0F3;
1984 : 2600EE0C;
1985 : EDFC1C17;
1986 : 060804FE;
1987 : 00FEFAFA;
1988 : FF020602;
1989 : E6E8F801;
198A : 1E0FFEF3;
198B : 1F210DFE;
198C : FBDAFA2C;
198D : F8F4FB03;
198E : 02FCF6F8;
198F : FE010100;
1990 : ECF1F7FF;
1991 : FBFEFDF5;
1992 : 061017F1;
1993 : F6E2D212;
1994 : 07FAF502;
1995 : FDFE0C02;
1996 : 02FE03FD;
1997 : E5E5EEFE;
1998 : 00E9ECEA;
1999 : E2F403F7;
199A : D9D6D0CE;
199B : 00F3EAE9;
199C : FFFFFBF9;
199D : FC0001FE;
199E : E4E6EBF5;
199F : 00F5F0E5;
19A0 : D7ECF402;
19A1 : C5C4D2D3;
19A2 : F0EFE5E4;
19A3 : 0100FDF8;
19A4 : FF0202FE;
19A5 : EDE9EDF5;
19A6 : 00FDE9EF;
19A7 : E7F3F109;
19A8 : DDD0D9E4;
19A9 : ECF1F1EF;
19AA : F9FEFEF4;
19AB : FCF700FD;
19AC : F5E8EDF6;
19AD : E904FDF5;
19AE : EAEFF0F2;
19AF : E8DFE6F1;
19B0 : EEF0F7F1;
19B1 : 0200F7F3;
19B2 : 000202FF;
19B3 : 0707FDF7;
19B4 : EF02F815;
19B5 : F7F8F0E6;
19B6 : F6F2F2F6;
19B7 : F4EEF1F4;
19B8 : 0300FEF5;
19B9 : F5FAFCFE;
19BA : 120D00F0;
19BB : 0505F80F;
19BC : FDF60912;
19BD : F8F8F201;
19BE : F7F9F3E6;
19BF : 01FCFEFE;
19C0 : FD02FCFF;
19C1 : 130F1800;
19C2 : F8F3F507;
19C3 : 0EF4EBE3;
19C4 : EFF1E8FC;
19C5 : FBF7F9F3;
19C6 : FFFBFDFB;
19C7 : FCF6FEFF;
19C8 : FE02160C;
19C9 : 02E904F8;
19CA : FCFEECEA;
19CB : EFF5F3ED;
19CC : FCF5F9F5;
19CD : FDFEFEFB;
19CE : 00030203;
19CF : 06050502;
19D0 : FC060907;
19D1 : 050F0604;
19D2 : FD010202;
19D3 : 01FC00FA;
19D4 : FFFE0103;
19D5 : 0000FC01;
19D6 : FE00FFFE;
19D7 : 050202FE;
19D8 : 0303FBFE;
19D9 : FB00FCFE;
19DA : FA01FDFF;
19DB : 02FF04FF;
19DC : 03FCFDFE;
19DD : FFFD0400;
19DE : FE050400;
19DF : 0003FBFD;
19E0 : FBF900FE;
19E1 : FD000102;
19E2 : 00FD0501;
19E3 : FF0001FF;
19E4 : 00FE00FD;
19E5 : FFFD0100;
19E6 : 01FEFE02;
19E7 : FC000000;
19E8 : FC010300;
19E9 : 00FFFD01;
19EA : 020003FD;
19EB : FC030402;
19EC : 01FFFA01;
19ED : FFFBFE01;
19EE : FC0201FD;
19EF : 01FFFE07;
19F0 : 04FE0102;
19F1 : FD040400;
19F2 : 0002FEFD;
19F3 : FCFAFBFC;
19F4 : F8EAF3F2;
19F5 : 02010301;
19F6 : 020205FA;
19F7 : 0106FEFF;
19F8 : FD03FA00;
19F9 : 00FF03FD;
19FA : F605FE08;
19FB : ECEEFCF2;
19FC : 03FD01F5;
19FD : FBFB04FA;
19FE : FD0601FC;
19FF : 040005FF;
1A00 : 04F8FD04;
1A01 : E4E3F506;
1A02 : F1FF01FE;
1A03 : FFF2F709;
1A04 : 040609F5;
1A05 : FEFB0506;
1A06 : 0201FF01;
1A07 : 0AF1F700;
1A08 : FCF7F8EE;
1A09 : F4F6F60A;
1A0A : 07E9F9F5;
1A0B : 0D040702;
1A0C : FC020200;
1A0D : 0103FDFE;
1A0E : 05F8FD04;
1A0F : 01FEF9F2;
1A10 : FFF500EE;
1A11 : 0A120300;
1A12 : 0A0F13FF;
1A13 : FCFDF5F4;
1A14 : 05FF02FF;
1A15 : 16150C07;
1A16 : FD02FEFF;
1A17 : F9070DFF;
1A18 : 0BF8F7EE;
1A19 : 0AFCFE08;
1A1A : 0305FC04;
1A1B : 0602FC04;
1A1C : F90A1507;
1A1D : EDF0FE08;
1A1E : FE070701;
1A1F : ED060FF4;
1A20 : 11FB05FA;
1A21 : 00040A03;
1A22 : 01030504;
1A23 : 0D141502;
1A24 : 0C16040D;
1A25 : 07F2FB06;
1A26 : F8080D06;
1A27 : 0702F9FA;
1A28 : FE00FE0E;
1A29 : FCFC0100;
1A2A : 2012150C;
1A2B : 07072018;
1A2C : 0805E6F6;
1A2D : FBEDF3ED;
1A2E : FAF9FF07;
1A2F : FF01FA00;
1A30 : FE020201;
1A31 : 13FB090C;
1A32 : EA021A16;
1A33 : F6FEE3EB;
1A34 : FFE7EFF4;
1A35 : EF00FD09;
1A36 : 01FAFCFB;
1A37 : FE01FE05;
1A38 : F2FCF3FA;
1A39 : EFED0A08;
1A3A : FB0FF5C9;
1A3B : F70106FE;
1A3C : 0005FF06;
1A3D : 0603FEF4;
1A3E : 000000FE;
1A3F : EDFDF001;
1A40 : CDCDDD03;
1A41 : FE0A0ADF;
1A42 : 02F506FA;
1A43 : 0802FBE7;
1A44 : FD0401FF;
1A45 : FC0001FD;
1A46 : DCE4EFF9;
1A47 : FEBAB9D1;
1A48 : 00161D14;
1A49 : FFFCE8F6;
1A4A : FCF8E4F8;
1A4B : FD090B07;
1A4C : 01FCFC01;
1A4D : C6E0E6F8;
1A4E : 19E3BEBC;
1A4F : 0A121228;
1A50 : 000C0518;
1A51 : 04F9F6F3;
1A52 : 0407080E;
1A53 : FCFE0002;
1A54 : CADBE8F5;
1A55 : 2C04E3BD;
1A56 : 001E0C21;
1A57 : 000205FD;
1A58 : 07FDFA04;
1A59 : 0203FF08;
1A5A : FB01FF02;
1A5B : D8DBE3F7;
1A5C : 10220BE2;
1A5D : 18FE151C;
1A5E : FEFEF6F9;
1A5F : 06FDFC07;
1A60 : 06FC030F;
1A61 : FDFF0001;
1A62 : EADAE2F4;
1A63 : 22260EFC;
1A64 : 000D1018;
1A65 : FB0103FD;
1A66 : FDEFFAF6;
1A67 : 01FF030C;
1A68 : 01FB0200;
1A69 : 04E8E5F1;
1A6A : 340EF60A;
1A6B : 06F7FF25;
1A6C : 08190EFF;
1A6D : FAF0F6FE;
1A6E : F9060407;
1A6F : 0002FF02;
1A70 : F80AF2F8;
1A71 : 0B000507;
1A72 : 0405FA0F;
1A73 : 160D07F7;
1A74 : 04F8F2EF;
1A75 : FE0501FF;
1A76 : FA070001;
1A77 : 00080000;
1A78 : 14EEFFFD;
1A79 : 0C161407;
1A7A : FEFFF4FA;
1A7B : 08FC0001;
1A7C : 05010201;
1A7D : F8FD0201;
1A7E : F8FEF5FE;
1A7F : 150201F3;
1A80 : 06152C19;
1A81 : 0CFEF611;
1A82 : 0102090A;
1A83 : 00F80200;
1A84 : FC010206;
1A85 : DDF9F1FE;
1A86 : 09EEEDE0;
1A87 : 1B100807;
1A88 : 1904FA0C;
1A89 : FF010209;
1A8A : FF0004FD;
1A8B : 02020000;
1A8C : FE06F3F8;
1A8D : F0F2ECF5;
1A8E : 0E09FCF0;
1A8F : 080B0500;
1A90 : FDF9F500;
1A91 : 00030205;
1A92 : 02FF0202;
1A93 : 08FCF800;
1A94 : F6F6F903;
1A95 : F5F7FBF0;
1A96 : 00FEF7F3;
1A97 : FE0202FF;
1A98 : FE04FE02;
1A99 : 04FE0400;
1A9A : 00FF01FE;
1A9B : 00FE0001;
1A9C : FC0405FD;
1A9D : 05FB0303;
1A9E : FFFBFD04;
1A9F : FFFD0108;
1AA0 : F900FFFD;
1AA1 : FFFF0401;
1AA2 : FCFDFD03;
1AA3 : 01000100;
1AA4 : FFFE0102;
1AA5 : FFFFFD03;
1AA6 : 07FCFD00;
1AA7 : 0200FE03;
1AA8 : FFFE02FF;
1AA9 : FFF9FEFE;
1AAA : 01FD00FF;
1AAB : 01FAFB01;
1AAC : FE0603FD;
1AAD : FD0200FE;
1AAE : FF020303;
1AAF : 04FC0202;
1AB0 : FF0102FC;
1AB1 : FBF4F7FC;
1AB2 : FFFFFDFB;
1AB3 : FF00FC02;
1AB4 : 05010704;
1AB5 : FCFDFCFF;
1AB6 : 080603FD;
1AB7 : 02FCF505;
1AB8 : F5F80105;
1AB9 : FCEEECEA;
1ABA : 0002FEFB;
1ABB : 01FDFFFF;
1ABC : 02020203;
1ABD : 0A0A0806;
1ABE : 01FEF919;
1ABF : F008190C;
1AC0 : F5E2D4E0;
1AC1 : FDF6F6F6;
1AC2 : 03FF0704;
1AC3 : FF000304;
1AC4 : 16141107;
1AC5 : 0C0C140D;
1AC6 : FFF30005;
1AC7 : E9E0DDF6;
1AC8 : FDF2EDEE;
1AC9 : FE0303FF;
1ACA : 09FD00FF;
1ACB : 0503050A;
1ACC : F8FE1612;
1ACD : ECE7EFFB;
1ACE : E6F8ECF6;
1ACF : F8F0F0EA;
1AD0 : 05FF01F9;
1AD1 : 0FFDFD02;
1AD2 : 0900000B;
1AD3 : DBF1F2F6;
1AD4 : 06F7F6E6;
1AD5 : E9F5060A;
1AD6 : FFF5E8E1;
1AD7 : FF01FFFA;
1AD8 : 0603FEFD;
1AD9 : 0502050F;
1ADA : DDFEF1EF;
1ADB : 0B0007F6;
1ADC : DDDEE5F9;
1ADD : 01F4F2E7;
1ADE : 02FBFFFD;
1ADF : 140705FD;
1AE0 : 01FC0F15;
1AE1 : E1EBF2EC;
1AE2 : 0C1A1EFF;
1AE3 : E7E0DEF2;
1AE4 : F4FAFEF3;
1AE5 : FC00FB00;
1AE6 : 13000203;
1AE7 : F3FD0F09;
1AE8 : 2017FAE9;
1AE9 : F60F2718;
1AEA : F6EEDFF6;
1AEB : 0407FD06;
1AEC : 00FC01F8;
1AED : 191306FD;
1AEE : F9FE181C;
1AEF : 2824FEFB;
1AF0 : FC1C2528;
1AF1 : 03F6EDE6;
1AF2 : FB04F4FE;
1AF3 : 0304FDF0;
1AF4 : 1407FD05;
1AF5 : 04052112;
1AF6 : 16070A0B;
1AF7 : FA190312;
1AF8 : F707EFF6;
1AF9 : 030205F9;
1AFA : FF0507FC;
1AFB : 08030403;
1AFC : 010B1818;
1AFD : 030405F7;
1AFE : 061E020A;
1AFF : 0307F7FD;
1B00 : 05080D12;
1B01 : FE060A10;
1B02 : 01020500;
1B03 : E2F50003;
1B04 : ECEFF2EC;
1B05 : F603F1FE;
1B06 : 190CEFEB;
1B07 : 19060A0D;
1B08 : FE01040B;
1B09 : 03050000;
1B0A : E6F6F3F7;
1B0B : F2FC00EF;
1B0C : FD190DF4;
1B0D : 1B111FFC;
1B0E : 12141B1B;
1B0F : FF060412;
1B10 : 02000802;
1B11 : F7F4F1FF;
1B12 : EEF40204;
1B13 : F2FD04ED;
1B14 : 15160D10;
1B15 : 0E201E0C;
1B16 : FF02FF07;
1B17 : 020102FC;
1B18 : FBF9F505;
1B19 : F1ECEAFF;
1B1A : F5FE04F6;
1B1B : FEF3FE02;
1B1C : 03081805;
1B1D : FE01FBF8;
1B1E : FB0301FC;
1B1F : EDFBF8FE;
1B20 : E7D6E8FF;
1B21 : F6F3F5F0;
1B22 : FDE5F1EC;
1B23 : FD0B0404;
1B24 : 020402F9;
1B25 : FB010403;
1B26 : E5F1F2FC;
1B27 : EBEFECF0;
1B28 : F1F6FA01;
1B29 : 05FDFE00;
1B2A : FDFEF4F5;
1B2B : FFFEFCFE;
1B2C : FBFCFB02;
1B2D : F8F4F5F8;
1B2E : FCFFF3F5;
1B2F : 05100AEE;
1B30 : F2FC0113;
1B31 : 0903EEF9;
1B32 : FD0303FC;
1B33 : FD060001;
1B34 : F9EDF3F9;
1B35 : 04F60001;
1B36 : 100109FD;
1B37 : 00EAFB17;
1B38 : FAF9E7FA;
1B39 : FB0300FE;
1B3A : FD030100;
1B3B : FFEFF4F5;
1B3C : EFF20C07;
1B3D : 0AFD0700;
1B3E : 0213FEF6;
1B3F : FCF4EBF8;
1B40 : FEF901F7;
1B41 : FFFBFB02;
1B42 : FDF6FF03;
1B43 : FCFC0300;
1B44 : 0B01FD00;
1B45 : FEFD0501;
1B46 : F7EBE9F1;
1B47 : 020403FF;
1B48 : 00FEFEFD;
1B49 : 0C030100;
1B4A : 12F9F202;
1B4B : 090D0D03;
1B4C : 01FA010B;
1B4D : F9F6EEF5;
1B4E : 050200FF;
1B4F : FFFF0204;
1B50 : 0D000800;
1B51 : 0404FC03;
1B52 : 04121407;
1B53 : 10FDF90D;
1B54 : 00FFF800;
1B55 : 000204FE;
1B56 : FF020204;
1B57 : 0102FE02;
1B58 : 06080602;
1B59 : 07030F03;
1B5A : 08FE0207;
1B5B : 0602FF01;
1B5C : 04FC01FE;
1B5D : 030300FF;
1B5E : 030002FC;
1B5F : FF010302;
1B60 : FCFDFE03;
1B61 : 01020102;
1B62 : 0100FC00;
1B63 : 05FEFEFE;
1B64 : FFFF0101;
1B65 : 01FB04FE;
1B66 : FDFCFF00;
1B67 : 0202FE03;
1B68 : FFFD0202;
1B69 : FE04FD02;
1B6A : FE01FD00;
1B6B : FC03FDFF;
1B6C : FD010101;
1B6D : 01000303;
1B6E : 01FE01FF;
1B6F : 00F9FC01;
1B70 : FFFF03FF;
1B71 : FDFE00FC;
1B72 : FD000300;
1B73 : 01FCFD01;
1B74 : FD0003FF;
1B75 : FBFBFFFE;
1B76 : FDFDFCFC;
1B77 : 02FE0201;
1B78 : FFFF0502;
1B79 : 04010001;
1B7A : FFFD00FF;
1B7B : 01FFFBFC;
1B7C : 00FAFDFD;
1B7D : FE07FCF5;
1B7E : F903F9FB;
1B7F : 0401FCFE;
1B80 : FE010203;
1B81 : FBFD0103;
1B82 : 01F6F6F9;
1B83 : F4F8FAFB;
1B84 : F0EBD9E9;
1B85 : 0B03F9F0;
1B86 : 0004FC00;
1B87 : FEFE0002;
1B88 : 03000200;
1B89 : 11160707;
1B8A : E0EE1010;
1B8B : EBEADED7;
1B8C : F8F8F3EA;
1B8D : 030602F9;
1B8E : FF0302FF;
1B8F : F8FD06FF;
1B90 : EDFB0607;
1B91 : 08FCF3E7;
1B92 : 0D291413;
1B93 : FAE5090E;
1B94 : 000307F9;
1B95 : 0104FF02;
1B96 : F8F8F3FC;
1B97 : E8E3E0F7;
1B98 : 2902FE03;
1B99 : 2A1D0021;
1B9A : FCFE0C11;
1B9B : 00FEFEFC;
1B9C : 0000FC03;
1B9D : F303F5F8;
1B9E : 04F3ECF5;
1B9F : 210B1100;
1BA0 : 0D170722;
1BA1 : FD060F0B;
1BA2 : 05010202;
1BA3 : 03FAFD01;
1BA4 : F000F4F9;
1BA5 : FCFF05ED;
1BA6 : 08051600;
1BA7 : 05F9F101;
1BA8 : 010D0C09;
1BA9 : FF070B01;
1BAA : FDFE0001;
1BAB : EFF9F7FB;
1BAC : 0B020606;
1BAD : E1F2F30B;
1BAE : FB04DDEB;
1BAF : 0C060D03;
1BB0 : 04060A11;
1BB1 : 0301FFFE;
1BB2 : 06FCF2FC;
1BB3 : 1602121C;
1BB4 : D6EAE7F2;
1BB5 : FA1410F4;
1BB6 : 130B06FE;
1BB7 : 03051310;
1BB8 : FD020001;
1BB9 : FAFEF6FF;
1BBA : FFECF6FA;
1BBB : 03F5E7E0;
1BBC : 07140AFE;
1BBD : 1B130C03;
1BBE : FF070A05;
1BBF : FEFCFE00;
1BC0 : FAF6F5FF;
1BC1 : FCF9EBF7;
1BC2 : 1414FBE3;
1BC3 : 06FC0CFF;
1BC4 : 020E0CFC;
1BC5 : FC0206F5;
1BC6 : FAFFFD01;
1BC7 : F1EEF7F5;
1BC8 : F4F2F6F0;
1BC9 : 22160AE5;
1BCA : F8FF070B;
1BCB : F3EDF102;
1BCC : 04FBFEF6;
1BCD : F6F803FF;
1BCE : FF02F6F9;
1BCF : F301F3FD;
1BD0 : 09100DF7;
1BD1 : 000F0A10;
1BD2 : F2EAE4FC;
1BD3 : 00FEFEF7;
1BD4 : F7020101;
1BD5 : F1FDFA01;
1BD6 : F9100402;
1BD7 : F0E7F8FF;
1BD8 : E900FE07;
1BD9 : F5E9D2E2;
1BDA : 0101F8FD;
1BDB : 0100FE02;
1BDC : FDF2EDFC;
1BDD : 0C0AFCF1;
1BDE : 03F302FA;
1BDF : FCFBFD0A;
1BE0 : F2EDDCE7;
1BE1 : FDFB02FD;
1BE2 : F6FF0101;
1BE3 : FCF2EBF5;
1BE4 : 0F08F502;
1BE5 : 120813FF;
1BE6 : FC0E0605;
1BE7 : F7F1E6EA;
1BE8 : 02FEFDFB;
1BE9 : ED03FE05;
1BEA : 02F4F0EF;
1BEB : E8FBE8FE;
1BEC : 0809FA0F;
1BED : EF081706;
1BEE : FBF7EEE4;
1BEF : 01FF0200;
1BF0 : F5000402;
1BF1 : EFEEF5F4;
1BF2 : EEF4F6F2;
1BF3 : 07070C03;
1BF4 : E6000D0F;
1BF5 : FCF7ECE2;
1BF6 : 0006FFFA;
1BF7 : F801FE01;
1BF8 : EFF5F2F5;
1BF9 : F000F1F1;
1BFA : 0D0C0000;
1BFB : E9F31004;
1BFC : FDFBEEE8;
1BFD : 01FC00FC;
1BFE : FCFE05F9;
1BFF : 02FCF7F6;
1C00 : FA05FEEF;
1C01 : EE010A05;
1C02 : E7EBFCFB;
1C03 : FEFEF5EF;
1C04 : 0001FBFE;
1C05 : FB07FF03;
1C06 : 03FEFBF9;
1C07 : 0201E4FE;
1C08 : E0E508F5;
1C09 : F4EFF6F3;
1C0A : F9FDF8EF;
1C0B : 05FE00FD;
1C0C : FEFFFBFC;
1C0D : 190B0707;
1C0E : FD01F617;
1C0F : 0F03090B;
1C10 : EFF3F801;
1C11 : FBFFF0EB;
1C12 : FFFD00FB;
1C13 : FEFE06FF;
1C14 : 0F070702;
1C15 : 13171E1A;
1C16 : 060F060B;
1C17 : FCFF0A18;
1C18 : 02FEFAF0;
1C19 : 03010502;
1C1A : 06FEFC02;
1C1B : 130802FF;
1C1C : 1A222217;
1C1D : 222F211A;
1C1E : 000A141B;
1C1F : FD000005;
1C20 : FC000202;
1C21 : 01FE00FE;
1C22 : FF00FE03;
1C23 : 050B0304;
1C24 : 05070305;
1C25 : FA030105;
1C26 : FFFF0003;
1C27 : FF03FF04;
1C28 : 01050100;
1C29 : FEFF0001;
1C2A : 00FE0405;
1C2B : 000203FD;
1C2C : 000202FE;
1C2D : FDFEFC02;
1C2E : 03000500;
1C2F : 0103FF00;
1C30 : FAFE0304;
1C31 : FCFCFCFF;
1C32 : 04FEFDFC;
1C33 : FDFC00FD;
1C34 : 03FC00FF;
1C35 : 020003FE;
1C36 : FC01FF02;
1C37 : FE04FFFC;
1C38 : 05070AFF;
1C39 : F902FDFF;
1C3A : F9FFFFFE;
1C3B : 010503FF;
1C3C : 07FF01FE;
1C3D : 04FFFD02;
1C3E : FF00FFFD;
1C3F : 0E020500;
1C40 : FAF9F906;
1C41 : FBF7F0FF;
1C42 : 010400F1;
1C43 : 01000200;
1C44 : FDFF01FC;
1C45 : FD0603FF;
1C46 : 161E08FC;
1C47 : EEFFFA14;
1C48 : F9FDF3FC;
1C49 : F7FAFDFD;
1C4A : FF0101F9;
1C4B : FEFFFD03;
1C4C : F1FBF701;
1C4D : FE0100FA;
1C4E : FD0BFE00;
1C4F : 10140B02;
1C50 : F9070E06;
1C51 : 07FDFEFF;
1C52 : 0004FFFF;
1C53 : ECF3F6FF;
1C54 : 02ECF4ED;
1C55 : FDFFF1F3;
1C56 : 0109FF02;
1C57 : EBF0F7F6;
1C58 : FEFFFFEE;
1C59 : 01010203;
1C5A : EEEDEBFC;
1C5B : 12F6EFF2;
1C5C : EEFCF8EF;
1C5D : ECECFF09;
1C5E : E4FEF6F8;
1C5F : 000207FD;
1C60 : 06030405;
1C61 : E3F1E8F3;
1C62 : 04FFF3E9;
1C63 : 03ED04FF;
1C64 : 03F9F4F7;
1C65 : EAFCEEFD;
1C66 : 02FDFDEF;
1C67 : FCFBFFFE;
1C68 : EDE8F1FB;
1C69 : 0709F5EB;
1C6A : ECF5F207;
1C6B : FE02F0FC;
1C6C : DCF9F4FF;
1C6D : 03FBF9EF;
1C6E : 01FC00FC;
1C6F : EDFAFEFB;
1C70 : 09F9F8ED;
1C71 : E4F3F202;
1C72 : 05FDFE04;
1C73 : E7E2F9F4;
1C74 : FFFDF6EC;
1C75 : FF03F9FF;
1C76 : F0FBF5F6;
1C77 : FAFD07F8;
1C78 : DBEBEAF6;
1C79 : 0DECDEF9;
1C7A : E8FDFCF3;
1C7B : 01FCF7E6;
1C7C : FBF9FD03;
1C7D : E2E6F6EF;
1C7E : EFF3FDFF;
1C7F : DBFCE5F1;
1C80 : EBD3E3EF;
1C81 : E80400F2;
1C82 : 040003FA;
1C83 : 00FE01FE;
1C84 : ECF7FFF6;
1C85 : FDF5EFF9;
1C86 : F3EB1406;
1C87 : F5F5F6EC;
1C88 : 02F6FCE9;
1C89 : 07010910;
1C8A : 0DFD0402;
1C8B : 090CFC0D;
1C8C : 08FD04F4;
1C8D : 09FF0611;
1C8E : ED0C0A17;
1C8F : F1FAF9F6;
1C90 : 0509130C;
1C91 : 1003FD02;
1C92 : FE100F13;
1C93 : 0FFA00FD;
1C94 : 1207150D;
1C95 : 05EB0C16;
1C96 : F4F9FC07;
1C97 : 020B150C;
1C98 : 07FAFAFB;
1C99 : 21271108;
1C9A : 16FC13FD;
1C9B : 12FDFF18;
1C9C : 12031D16;
1C9D : 060F2210;
1C9E : 030C1B08;
1C9F : 02FD05FB;
1CA0 : FE180B03;
1CA1 : 0BF60F1B;
1CA2 : 0A10FE03;
1CA3 : FD16F701;
1CA4 : 020A1604;
1CA5 : 020522FD;
1CA6 : 05F902FF;
1CA7 : 140E070A;
1CA8 : EC092212;
1CA9 : 112607FF;
1CAA : 1B291023;
1CAB : 0D04110D;
1CAC : 01011F17;
1CAD : FFFD0301;
1CAE : 0AFB0009;
1CAF : 060B0210;
1CB0 : 270CF8FD;
1CB1 : 1D1E091C;
1CB2 : 241C1310;
1CB3 : 0105121F;
1CB4 : 0D00FEFF;
1CB5 : 0BFA0F11;
1CB6 : 0C09100E;
1CB7 : FCF0E5EE;
1CB8 : 1517FD09;
1CB9 : 0F1C1309;
1CBA : FF00091B;
1CBB : 080501FD;
1CBC : 08040C09;
1CBD : F9FEFF16;
1CBE : E5DFEBF7;
1CBF : 1210FEF7;
1CC0 : 141D1923;
1CC1 : FFFFFF0A;
1CC2 : 06020102;
1CC3 : FBF9FA03;
1CC4 : 010F0908;
1CC5 : EDF9F9FE;
1CC6 : 050AFFF0;
1CC7 : 09140C10;
1CC8 : FFFBF4FD;
1CC9 : FAFC04FF;
1CCA : F2EAF9FA;
1CCB : F9F601F9;
1CCC : E3EBDBED;
1CCD : E0E7D5D7;
1CCE : F904FAED;
1CCF : 0401F5F6;
1CD0 : FAFCFFFF;
1CD1 : F1F2F6FD;
1CD2 : F3F4F0F2;
1CD3 : E4E7DAE1;
1CD4 : EEEEF1EF;
1CD5 : FEFE05F1;
1CD6 : 00FF07FF;
1CD7 : 05FF0204;
1CD8 : FCFF0101;
1CD9 : FCEEEAF0;
1CDA : FD010100;
1CDB : F2F2F9FD;
1CDC : FFFCFB02;
1CDD : 04FEFEF9;
1CDE : 00FE02FE;
1CDF : FBFFFDFD;
1CE0 : 04FDF6FD;
1CE1 : 03FF0005;
1CE2 : FD040202;
1CE3 : 00040205;
1CE4 : FE040302;
1CE5 : FFFBFCFF;
1CE6 : 05FF0300;
1CE7 : FDFF0200;
1CE8 : FF03FF05;
1CE9 : 00FEFF02;
1CEA : 02FDFD03;
1CEB : FFFC00FE;
1CEC : FF010003;
1CED : 01FCFB00;
1CEE : FD0203FB;
1CEF : 0001F9FA;
1CF0 : 02040104;
1CF1 : FFFEFFFD;
1CF2 : FE04FFFF;
1CF3 : FEFFFEFD;
1CF4 : 0203FFFF;
1CF5 : 000403FE;
1CF6 : 010001FE;
1CF7 : 01FF06FD;
1CF8 : FCFA00FE;
1CF9 : FCFC03F9;
1CFA : 0300FF03;
1CFB : FB020101;
1CFC : FA050303;
1CFD : 0004FFFD;
1CFE : FCFE0104;
1CFF : FBFE04FE;
1D00 : 03070401;
1D01 : FFFFFB03;
1D02 : 0302FD00;
1D03 : FDFEFCFF;
1D04 : 0202FBFC;
1D05 : 05000503;
1D06 : FEFF0005;
1D07 : 03FC0304;
1D08 : FE00FDFE;
1D09 : FCFBFC03;
1D0A : F1F2FBFA;
1D0B : 130305F4;
1D0C : 0207040E;
1D0D : FDFFFAFC;
1D0E : FF03FFFD;
1D0F : FF020101;
1D10 : FDFCFDFE;
1D11 : FCFC0A08;
1D12 : FE0F1B03;
1D13 : E7F1F2FD;
1D14 : FDFDF2F1;
1D15 : 000101FB;
1D16 : 040001FB;
1D17 : 08FD0501;
1D18 : 11060016;
1D19 : FA0D0C1B;
1D1A : 00071BF8;
1D1B : 020306F5;
1D1C : 01FFFFFC;
1D1D : 0701FFFF;
1D1E : 0C0C050B;
1D1F : 01191803;
1D20 : F9F9050B;
1D21 : 010E0D0D;
1D22 : 04080502;
1D23 : 01FB01FD;
1D24 : 08080002;
1D25 : 01F7050C;
1D26 : 0F200C08;
1D27 : 1D0F010B;
1D28 : 03130F0A;
1D29 : 0D0A1507;
1D2A : FC00F800;
1D2B : 0105FB00;
1D2C : 0B031210;
1D2D : FF1618FE;
1D2E : 120B0F13;
1D2F : 021006FE;
1D30 : 14100805;
1D31 : FFFAFDFF;
1D32 : FF0302FF;
1D33 : FC0B1809;
1D34 : 0F0A0C03;
1D35 : F1DD0708;
1D36 : 030100F2;
1D37 : 09130F1D;
1D38 : 0000FDFF;
1D39 : 04030405;
1D3A : F30C1400;
1D3B : 1E020FE9;
1D3C : E9AEBFF8;
1D3D : 010F02F7;
1D3E : 05F9FA03;
1D3F : FD0903FE;
1D40 : 01000200;
1D41 : 100804FD;
1D42 : 110A0411;
1D43 : FAAAA0F2;
1D44 : EE14030C;
1D45 : F8F6F0FF;
1D46 : 0200FE04;
1D47 : 020302FB;
1D48 : FA0FF7F5;
1D49 : 120F060E;
1D4A : F5C3B0D6;
1D4B : DEF60000;
1D4C : E8E9EAFA;
1D4D : FF01020C;
1D4E : 0106FFFF;
1D4F : 0FFE03F4;
1D50 : F6160305;
1D51 : 03D09DA3;
1D52 : EDEF0AFA;
1D53 : 00ECF2F1;
1D54 : FB03FF0C;
1D55 : 04020003;
1D56 : 1CFA05F6;
1D57 : CF0002FA;
1D58 : 00EBC09D;
1D59 : F1F3F6EF;
1D5A : FEF9FFFB;
1D5B : F9FFFB09;
1D5C : 0300FFFF;
1D5D : 08F2F0FD;
1D5E : B6EAF706;
1D5F : 0806D4B6;
1D60 : 08F3FEFA;
1D61 : 03FA11F6;
1D62 : 0004FB07;
1D63 : FFFE0102;
1D64 : E1D7F402;
1D65 : D3E3E7EC;
1D66 : F30BE4CF;
1D67 : 010706FE;
1D68 : FEFB0005;
1D69 : 0001FB03;
1D6A : F8FDFA01;
1D6B : E0D3E9F8;
1D6C : DEE4E1E4;
1D6D : F7FBF2EF;
1D6E : 090FFA0A;
1D6F : FE03020E;
1D70 : 030304FF;
1D71 : FA02FDFE;
1D72 : E3E6F0F9;
1D73 : F0E5E1EB;
1D74 : E808E4F0;
1D75 : 0CFD0A05;
1D76 : FD02FF14;
1D77 : FF04FCFE;
1D78 : FDFEFC01;
1D79 : EEEAF5F1;
1D7A : 0E0CE1E7;
1D7B : F70EE701;
1D7C : 02F2ECF5;
1D7D : FCF7FC09;
1D7E : FF0100FB;
1D7F : FDFFFF00;
1D80 : E3F601F9;
1D81 : 142701ED;
1D82 : FF110611;
1D83 : 0200F801;
1D84 : FDF9F9F6;
1D85 : 000002FA;
1D86 : 050003FE;
1D87 : 060A0401;
1D88 : 13FE0816;
1D89 : 070D1AFD;
1D8A : EB0405F9;
1D8B : FEFBF8EA;
1D8C : 00FEFFFA;
1D8D : 0303FFFD;
1D8E : 1A100A0A;
1D8F : 00FE0F11;
1D90 : 020601FB;
1D91 : F6F607F5;
1D92 : 02FE02EB;
1D93 : FEFCFF05;
1D94 : FBFCFD04;
1D95 : FC010500;
1D96 : F4FD0F18;
1D97 : FE0704F5;
1D98 : 0B070CF5;
1D99 : 00FA04F4;
1D9A : FF00FE08;
1D9B : 010401FE;
1D9C : 01F7EDFB;
1D9D : 07F6141B;
1D9E : 10FD0128;
1D9F : 0C060C1F;
1DA0 : FAFE01FF;
1DA1 : FEFA02FE;
1DA2 : FE000000;
1DA3 : F0E0DEFF;
1DA4 : E9F00305;
1DA5 : 0D0301F3;
1DA6 : 0E07F40D;
1DA7 : FE000105;
1DA8 : 02FE0102;
1DA9 : FCFFFC00;
1DAA : FDFD01FE;
1DAB : FD00FE01;
1DAC : FD010600;
1DAD : 01070902;
1DAE : 05000406;
1DAF : 04FC0108;
1DB0 : 00FA0002;
1DB1 : 03FFFFFF;
1DB2 : FDFB01FF;
1DB3 : 0000FE00;
1DB4 : FC02FF01;
1DB5 : 04FF04FF;
1DB6 : 0400FF01;
1DB7 : 0201FDFF;
1DB8 : 0001FC02;
1DB9 : 0001FFFF;
1DBA : FD000500;
1DBB : 03FCFEFD;
1DBC : FE02FE05;
1DBD : 0300FBFE;
1DBE : 03FF0103;
1DBF : 0001FE05;
1DC0 : 01FEFDFE;
1DC1 : 0102FDFF;
1DC2 : 00FFFCFE;
1DC3 : 010504FD;
1DC4 : 00FCFC02;
1DC5 : FE00FF01;
1DC6 : 0401FF03;
1DC7 : 01FCFFFE;
1DC8 : 1104FCF7;
1DC9 : FF02050B;
1DCA : 05090302;
1DCB : 01010206;
1DCC : FE01FF00;
1DCD : 050305FE;
1DCE : 03FFFD02;
1DCF : 0AFEF3FA;
1DD0 : 00051419;
1DD1 : FAFFFA01;
1DD2 : FEFDFE00;
1DD3 : FFFD0203;
1DD4 : 01080403;
1DD5 : F7FB0804;
1DD6 : 0F03F7F6;
1DD7 : 020B0004;
1DD8 : F6EEEFF1;
1DD9 : FF02FBFA;
1DDA : 0105FD02;
1DDB : FF020405;
1DDC : FBF70BFE;
1DDD : FC01F9EE;
1DDE : 111616FA;
1DDF : E8EAEF03;
1DE0 : FF00FDF2;
1DE1 : 01FDFFFC;
1DE2 : 04070A03;
1DE3 : 090A14FB;
1DE4 : 04F1ED05;
1DE5 : 19111F07;
1DE6 : E4DCDEF6;
1DE7 : FFF9F4F2;
1DE8 : 02FE0500;
1DE9 : 09FF0B01;
1DEA : 030B0E05;
1DEB : 0FF6DCF3;
1DEC : FC081A29;
1DED : EEE7DFE7;
1DEE : 0001F9F4;
1DEF : FE03FBFF;
1DF0 : 0707FE09;
1DF1 : E5EDF7FE;
1DF2 : 21FDE3CD;
1DF3 : 010B0E26;
1DF4 : FBF1EBEA;
1DF5 : FF03FBF7;
1DF6 : 0103FD01;
1DF7 : E4EEED04;
1DF8 : DDD4CCCC;
1DF9 : 190CFEDB;
1DFA : F0FC1420;
1DFB : FCF4EAE8;
1DFC : 04FE04FD;
1DFD : FE06FFFB;
1DFE : E0EDE6F5;
1DFF : 01F5E9D9;
1E00 : 1B2B1107;
1E01 : E8F1F6FE;
1E02 : FEFDF0EA;
1E03 : FF0000FA;
1E04 : 0000FCFA;
1E05 : F3EFEFF1;
1E06 : 0D1103F6;
1E07 : F70E0C14;
1E08 : E7E3E3F7;
1E09 : 0002FDF6;
1E0A : 06FEFFFE;
1E0B : FEFDFD03;
1E0C : FBFAF4F7;
1E0D : 000B07FD;
1E0E : F609F7F8;
1E0F : 04F8F608;
1E10 : FDF91011;
1E11 : FAFFF9F8;
1E12 : 000202FF;
1E13 : F9F4FCFD;
1E14 : 09FD0309;
1E15 : FF09FBFD;
1E16 : 11F4FDFF;
1E17 : F905211C;
1E18 : 0002FBFE;
1E19 : 0700FEFD;
1E1A : F1F5FF03;
1E1B : 14FDEFF0;
1E1C : FFEBF7FD;
1E1D : 05FAF5FD;
1E1E : 07150D00;
1E1F : FCFEFEFB;
1E20 : FEFCFE02;
1E21 : F9F1FAFE;
1E22 : 07EDFFF6;
1E23 : F7F70307;
1E24 : 0B08FBFE;
1E25 : 021702F7;
1E26 : 010000FE;
1E27 : FAFFFDFC;
1E28 : F1E6F9F7;
1E29 : EFE9EDFF;
1E2A : FD010B04;
1E2B : 0906FE0A;
1E2C : 070CFBF8;
1E2D : FF04FBFC;
1E2E : 020103FF;
1E2F : FBF8FEF3;
1E30 : E6F1F400;
1E31 : FBF605E8;
1E32 : FCFFFDF7;
1E33 : FAFF03FB;
1E34 : 030001F6;
1E35 : FDF802FF;
1E36 : 0202FAF6;
1E37 : E9F4FDF9;
1E38 : FE0B0DF2;
1E39 : F8000801;
1E3A : 10FDFC07;
1E3B : FF030401;
1E3C : FDFD0302;
1E3D : 0000F1FA;
1E3E : F0F5FFF3;
1E3F : 000E110B;
1E40 : FE11FCFB;
1E41 : 0401FD06;
1E42 : 03020005;
1E43 : 07FFFD04;
1E44 : F502020C;
1E45 : FB150201;
1E46 : 080B0101;
1E47 : 0005060B;
1E48 : FC0003FF;
1E49 : 01FEFE01;
1E4A : 08FD0202;
1E4B : FC0C140E;
1E4C : FD0509FA;
1E4D : F710FFF1;
1E4E : FFF8F6F4;
1E4F : FD02FE01;
1E50 : 00FDFDFE;
1E51 : 040302FD;
1E52 : 03040806;
1E53 : 0A0C0EFA;
1E54 : FD0AFF05;
1E55 : 00FEFCF8;
1E56 : 00FDFBFE;
1E57 : FC04FEFA;
1E58 : 01040101;
1E59 : 0D0B0206;
1E5A : FE0E0B0B;
1E5B : F61D07F9;
1E5C : F5FF01FB;
1E5D : FBFEF9F3;
1E5E : FE00FEFD;
1E5F : 01030105;
1E60 : 05070703;
1E61 : 0204050C;
1E62 : F9080707;
1E63 : FEFFF9F6;
1E64 : 0101F3F9;
1E65 : F8FAFEFD;
1E66 : 010004FF;
1E67 : FEFF0000;
1E68 : FBFEFE00;
1E69 : 00020301;
1E6A : 01010304;
1E6B : 0000F7FA;
1E6C : FF060201;
1E6D : 02000004;
1E6E : FC0200FE;
1E6F : 02FFFFFD;
1E70 : 020104FD;
1E71 : 02FE01FB;
1E72 : FFFEFF00;
1E73 : FFFEFC02;
1E74 : 0000FFFF;
1E75 : 03FC03FA;
1E76 : 0400FB02;
1E77 : 03FE0004;
1E78 : FD02FCFC;
1E79 : 03FEFD01;
1E7A : FFFF0200;
1E7B : 0101FDFE;
1E7C : 01FF0104;
1E7D : FE04FC04;
1E7E : FE0308FF;
1E7F : 03020402;
1E80 : FDFD0101;
1E81 : 0002FC01;
1E82 : F9FF0203;
1E83 : 000600FC;
1E84 : 03FB0101;
1E85 : F6050001;
1E86 : F9F8EFF9;
1E87 : 010201FD;
1E88 : 0200FF02;
1E89 : FF05FA00;
1E8A : FD02FE02;
1E8B : FDFF0401;
1E8C : 0C181308;
1E8D : FEF6F302;
1E8E : 01FCF8F9;
1E8F : FF05FC03;
1E90 : FDFD00FE;
1E91 : 0A06FE01;
1E92 : 10131710;
1E93 : 04FFFE05;
1E94 : F002FEF2;
1E95 : F4F1EBF1;
1E96 : 00FEFDFF;
1E97 : 030402FD;
1E98 : FCFDF003;
1E99 : 11180B0A;
1E9A : FEFAFEF7;
1E9B : F911F5FA;
1E9C : FDFF0C01;
1E9D : 020300FD;
1E9E : FC03FFFE;
1E9F : FFFAF4FA;
1EA0 : 01FEF9F6;
1EA1 : FAFF02F0;
1EA2 : FC06FD04;
1EA3 : F5FF06E6;
1EA4 : FF00FBFE;
1EA5 : 02010302;
1EA6 : FAF400FF;
1EA7 : 0C0201F5;
1EA8 : 09061CF2;
1EA9 : 00060505;
1EAA : F6F100F4;
1EAB : FEFFFEFC;
1EAC : 0701FEFD;
1EAD : F803FF07;
1EAE : F3FE00F2;
1EAF : 20230910;
1EB0 : FD071625;
1EB1 : F7FEF508;
1EB2 : FCFF00F6;
1EB3 : 0501F9FC;
1EB4 : F3F9FB01;
1EB5 : F208F7F9;
1EB6 : F7F8FEFB;
1EB7 : F7130712;
1EB8 : FC09FA04;
1EB9 : FFFCFDF8;
1EBA : FF040103;
1EBB : FBFAF800;
1EBC : FD01F9FC;
1EBD : F7F4F1FC;
1EBE : F0140209;
1EBF : 041405F0;
1EC0 : FEF9FCFE;
1EC1 : FAFD0202;
1EC2 : FDF8E0F9;
1EC3 : 01FAF5F5;
1EC4 : E4EFECF6;
1EC5 : 1B0DFDDB;
1EC6 : FD0B0AF2;
1EC7 : 0302FDF7;
1EC8 : FD000001;
1EC9 : E8F8DCF9;
1ECA : FEF506F7;
1ECB : D5EEF2FA;
1ECC : 0604FCD4;
1ECD : F4FAFDF9;
1ECE : FFFE00F8;
1ECF : FA01FCFD;
1ED0 : EDF4ECF9;
1ED1 : F806FEE7;
1ED2 : CDF8E4F4;
1ED3 : FA02E8CD;
1ED4 : F3F5F6F5;
1ED5 : 00FC0607;
1ED6 : 00FE0001;
1ED7 : FCEA0CFB;
1ED8 : FCF2EEEF;
1ED9 : DAF1E4EF;
1EDA : E5EEE5CF;
1EDB : F90300F0;
1EDC : FE020610;
1EDD : FD010301;
1EDE : FEF113FF;
1EDF : 140BF6FF;
1EE0 : D6ECF5FF;
1EE1 : E4ECECE1;
1EE2 : 05FB07F7;
1EE3 : FFFF091E;
1EE4 : 01FEFE00;
1EE5 : FDFB1208;
1EE6 : 1F1B0C0D;
1EE7 : D5EE0A25;
1EE8 : E8E9F5FB;
1EE9 : 090512FE;
1EEA : 02030F0F;
1EEB : 05FEFFFE;
1EEC : F2FB0D0D;
1EED : 152D0AF5;
1EEE : E2DBFA1C;
1EEF : F1EAFDE9;
1EF0 : 09150EEC;
1EF1 : FEFA110C;
1EF2 : 0301FE03;
1EF3 : 0B020910;
1EF4 : 00211500;
1EF5 : FDDFDE05;
1EF6 : F6FAECF5;
1EF7 : 091305F1;
1EF8 : 00FD0C08;
1EF9 : 06FE05FF;
1EFA : 0200030F;
1EFB : 0E1308F9;
1EFC : 07040415;
1EFD : 09FF02F2;
1EFE : 000F0B03;
1EFF : FE0304F9;
1F00 : 10FF0301;
1F01 : F6FE0B14;
1F02 : 1D0711FC;
1F03 : 241A211A;
1F04 : F8F50D16;
1F05 : F70119F1;
1F06 : 02FDFDF6;
1F07 : 10FE00FF;
1F08 : EFFB0208;
1F09 : 110411F6;
1F0A : 2B291E0B;
1F0B : F1F6071A;
1F0C : 0C1804F1;
1F0D : FFFF02FC;
1F0E : 0C020201;
1F0F : 01050004;
1F10 : 2D0B1E0E;
1F11 : 0F060B1B;
1F12 : 0C191F12;
1F13 : 081600F8;
1F14 : 02FDFFFA;
1F15 : 05000301;
1F16 : FD0A0501;
1F17 : 24221916;
1F18 : 02070618;
1F19 : 030B1215;
1F1A : 080D08F8;
1F1B : 02FC04FF;
1F1C : 0201FFFC;
1F1D : F7FDFBFF;
1F1E : E9DEFFF8;
1F1F : 09010804;
1F20 : FE0E0008;
1F21 : 05050000;
1F22 : 000101FD;
1F23 : 05FF0100;
1F24 : F4F6F705;
1F25 : E9E5EDF3;
1F26 : ECE1EDE0;
1F27 : FEEBEDEA;
1F28 : 0001FAF6;
1F29 : 04FDFE02;
1F2A : 03FF0203;
1F2B : F9F60502;
1F2C : FCFCFCFE;
1F2D : 000206FC;
1F2E : FCF900FF;
1F2F : 0202FAFB;
1F30 : 01FF0002;
1F31 : FCFDFCFB;
1F32 : 0002FD00;
1F33 : 0105F9FC;
1F34 : 03FDFE01;
1F35 : FE00FEFC;
1F36 : 04FFFFFF;
1F37 : FEFE0300;
1F38 : FC00FCFE;
1F39 : FE0100FD;
1F3A : 02040300;
1F3B : FFFF03FF;
1F3C : FE010103;
1F3D : 010101FF;
1F3E : FE0206FB;
1F3F : 04FF0003;
1F40 : FEFEFDFD;
1F41 : 00FDFF09;
1F42 : FFFA0301;
1F43 : 01FEFE00;
1F44 : 0601FF00;
1F45 : 03FEFF04;
1F46 : FCFDFBFD;
1F47 : FFFEFFFC;
1F48 : 01070A02;
1F49 : F2FAFB02;
1F4A : F3F8F6F7;
1F4B : 0002FDFA;
1F4C : FF04FFFE;
1F4D : 00FF0101;
1F4E : 020400FD;
1F4F : 11140B11;
1F50 : F80E0807;
1F51 : F5FD03F3;
1F52 : 00FFF9FC;
1F53 : FE05FD00;
1F54 : 020204FE;
1F55 : 1303FEFF;
1F56 : 25221012;
1F57 : 0D0C0B1B;
1F58 : 02190D01;
1F59 : EDF0F200;
1F5A : 0101FCFA;
1F5B : FDFEFD01;
1F5C : 0E09F605;
1F5D : 1C0BFD03;
1F5E : 0BFA1523;
1F5F : FF0B060A;
1F60 : F1F1050D;
1F61 : 02FBFEF2;
1F62 : 03FE0103;
1F63 : 02090508;
1F64 : 010608F2;
1F65 : 12042012;
1F66 : FD07020C;
1F67 : F0081200;
1F68 : 02FFFEF6;
1F69 : 04050201;
1F6A : 011C110D;
1F6B : 03011110;
1F6C : 0106180B;
1F6D : FCFC0309;
1F6E : F7070DFF;
1F6F : 00FD03F6;
1F70 : 07FF02FE;
1F71 : 07070B11;
1F72 : E60A0712;
1F73 : F5F6F5EB;
1F74 : 0C07F7F1;
1F75 : 050CF6F8;
1F76 : F900FEF6;
1F77 : 0A02FF06;
1F78 : EFF80103;
1F79 : ACD3E7EC;
1F7A : F0DDCBC4;
1F7B : 0504F1FC;
1F7C : 0815FD05;
1F7D : FD030601;
1F7E : 0B070001;
1F7F : D5E5ECF6;
1F80 : C9C0C5C1;
1F81 : EDF2EDD7;
1F82 : 0505EE09;
1F83 : 050C0F0D;
1F84 : FB0409F8;
1F85 : 0A040302;
1F86 : CED8DEFC;
1F87 : F6EED3D0;
1F88 : 0104020F;
1F89 : 0D0E1102;
1F8A : FEFAFB0E;
1F8B : FD030604;
1F8C : 08060200;
1F8D : DBDBE7FE;
1F8E : 251A0EF1;
1F8F : F80C0D29;
1F90 : 0006F805;
1F91 : F2F6F206;
1F92 : FDFE05F8;
1F93 : 0C010100;
1F94 : 0BE6F0FF;
1F95 : 1C181B20;
1F96 : FD15291F;
1F97 : F801E6FD;
1F98 : ECF5FEF9;
1F99 : 0203FFFF;
1F9A : 07000000;
1F9B : 1B0EFBFE;
1F9C : FAFE041D;
1F9D : FF06170D;
1F9E : EFF7FBF4;
1F9F : F0FAFDEC;
1FA0 : FC040C06;
1FA1 : 05FEFF05;
1FA2 : FD150805;
1FA3 : EDFAF8F4;
1FA4 : 0E16FAF4;
1FA5 : F8EFFE01;
1FA6 : 0EFFFAFC;
1FA7 : 020C101A;
1FA8 : 02FF0200;
1FA9 : F3F90309;
1FAA : D7F4F9FD;
1FAB : 01080CDF;
1FAC : FD07110F;
1FAD : 1B1509FB;
1FAE : FF050B1A;
1FAF : 02FC01FE;
1FB0 : F8E6FC08;
1FB1 : E6E4020E;
1FB2 : F5F0F2E9;
1FB3 : 110B0318;
1FB4 : 0B110AFA;
1FB5 : FFFB0604;
1FB6 : 09FE0101;
1FB7 : 06F3F9FF;
1FB8 : 150A0303;
1FB9 : F0F406EE;
1FBA : 18020721;
1FBB : FD07060F;
1FBC : 02FF00F4;
1FBD : 0906FFFF;
1FBE : F2EF0303;
1FBF : 1B0AF2EF;
1FC0 : E7F11007;
1FC1 : FDF607F7;
1FC2 : 05FD0706;
1FC3 : 02FCFBF9;
1FC4 : 070401FF;
1FC5 : F4F11110;
1FC6 : F9FA04F4;
1FC7 : F2FE0BF8;
1FC8 : F6EE0209;
1FC9 : F7F7FD0C;
1FCA : 01FD03FC;
1FCB : 090604FF;
1FCC : FBFDF702;
1FCD : F5EFF900;
1FCE : F9050C04;
1FCF : 01F2F2F5;
1FD0 : FCF5F7FF;
1FD1 : 010304F8;
1FD2 : 06010300;
1FD3 : 01F4F606;
1FD4 : 0FFDF50D;
1FD5 : 060A06F4;
1FD6 : 04FCFB04;
1FD7 : 09F8EDFF;
1FD8 : FF010003;
1FD9 : 0804FF02;
1FDA : 04FC0F06;
1FDB : 0D061009;
1FDC : 09060BFF;
1FDD : 010F0109;
1FDE : 0A06FBFD;
1FDF : FCFC0500;
1FE0 : 00FE0401;
1FE1 : 06000403;
1FE2 : 0004F1FF;
1FE3 : 1A1000ED;
1FE4 : 02100D0C;
1FE5 : 020209FC;
1FE6 : FFFFFF01;
1FE7 : 00FE00FD;
1FE8 : 040306FD;
1FE9 : 0506FBFB;
1FEA : 0C06FCFB;
1FEB : 05F9090C;
1FEC : FE00FE00;
1FED : 01FEFD01;
1FEE : 0001FFFF;
1FEF : 0302FEFF;
1FF0 : FDFE0102;
1FF1 : 02FE0502;
1FF2 : 01FE000A;
1FF3 : 00FFFEFD;
1FF4 : FFFC0102;
1FF5 : 03FF01FD;
1FF6 : 0200FF05;
1FF7 : 0101FCFE;
1FF8 : FEFF00FB;
1FF9 : 03FCFD02;
1FFA : 01000002;
1FFB : 01FE0600;
1FFC : 000502FD;
1FFD : FE03FCFE;
1FFE : 00FD0200;
1FFF : 00FFFE03;
2000 : 0502FFFC;
2001 : FF0100FD;
2002 : FEFFFFFE;
2003 : 00FA00FF;
2004 : 05FB00FF;
2005 : 0202FB00;
2006 : FD0203FF;
2007 : FF0401FE;
2008 : 04FE0004;
2009 : FFFAFFFE;
200A : 04FCFD02;
200B : 0500FE02;
200C : 010305FE;
200D : 000404FF;
200E : 02030305;
200F : 0104FBFD;
2010 : 0200FF01;
2011 : FCFEFF00;
2012 : 05FDFDF9;
2013 : FA05FFFE;
2014 : F8F903FE;
2015 : 02FCFBFC;
2016 : FC03F9FA;
2017 : FD01FAFC;
2018 : 02030003;
2019 : 0601FAFE;
201A : F4F4F7FA;
201B : 061909FF;
201C : F60504FD;
201D : 06F8EEFB;
201E : FCFAFD03;
201F : 0305FE04;
2020 : F8FDF6FC;
2021 : 05F5EDF6;
2022 : 08FFFFFB;
2023 : F7F6FAFA;
2024 : 071009FD;
2025 : FAFE0705;
2026 : 01FD04FE;
2027 : 04FEF401;
2028 : 05131503;
2029 : F60C0204;
202A : 05F6F9FA;
202B : 06FB0AFB;
202C : 00060C10;
202D : 0302FFFD;
202E : 06F8F701;
202F : F8EF0010;
2030 : 0C0C070A;
2031 : 07FEF00D;
2032 : FB081002;
2033 : 000507FF;
2034 : FC040001;
2035 : F4F5F309;
2036 : 0C0CFBF8;
2037 : FA0AE1EB;
2038 : FEE9F300;
2039 : F8F0F0F3;
203A : 02FBFEF3;
203B : F902FC01;
203C : 03060306;
203D : 0A0E0302;
203E : 15FEED02;
203F : EE00F508;
2040 : F9EBE9F0;
2041 : 02FCFCF6;
2042 : FBFFFEFE;
2043 : 06050C05;
2044 : 0000ED02;
2045 : 09010914;
2046 : 00FD0604;
2047 : F3EC02FE;
2048 : 0301FBF9;
2049 : 03FE02FE;
204A : 07101B02;
204B : 171200FA;
204C : 1309060E;
204D : 0D050407;
204E : F0F90805;
204F : FEFE01F5;
2050 : FBFCFE00;
2051 : 06080501;
2052 : FF050C09;
2053 : F3E9E7F3;
2054 : FCEE01F9;
2055 : F2001001;
2056 : 0200FBF6;
2057 : 06020003;
2058 : E7EFF8F6;
2059 : D60501FB;
205A : E4E5E2D9;
205B : F2F402F1;
205C : EDFA041D;
205D : FD02FDEA;
205E : 0002FDFB;
205F : D6D8D7EF;
2060 : D3DEDAD6;
2061 : FDECE2E9;
2062 : FD05F300;
2063 : E6EFFB00;
2064 : 0104FCE3;
2065 : FD000006;
2066 : CDD0D9EC;
2067 : F5D9E0D3;
2068 : F0EDFAED;
2069 : F5E5E7EB;
206A : E2DEF1EA;
206B : FF0400F2;
206C : 02FF0202;
206D : E9E9E2EE;
206E : 03F0F6ED;
206F : F4F403F6;
2070 : EDDDE7F2;
2071 : E5E3E1E0;
2072 : 05FF09F2;
2073 : FD01FCFD;
2074 : FF00F3EF;
2075 : F7FD040D;
2076 : EDFBFBFD;
2077 : E5EBE5EC;
2078 : E9EBE4D8;
2079 : 01010BF5;
207A : F900FF01;
207B : 1201FFFA;
207C : F7090709;
207D : F5F7FB06;
207E : DEE5DEE9;
207F : F5F7FAEE;
2080 : 05060F09;
2081 : 02FB03FF;
2082 : 1508000C;
2083 : 16F70112;
2084 : 010F2913;
2085 : 0A01F5FF;
2086 : 00FBFB04;
2087 : FE0506FD;
2088 : 0CFE0300;
2089 : 151A140D;
208A : 18101724;
208B : 0D120513;
208C : 19210D16;
208D : 12080C17;
208E : 01030609;
208F : 0B08FD03;
2090 : 0E101410;
2091 : 131116FC;
2092 : 091E0419;
2093 : 051E1F17;
2094 : 161A0D09;
2095 : 01FE0C12;
2096 : 08FDFC03;
2097 : 07090908;
2098 : F6FB1304;
2099 : F70E0801;
209A : 091C0A0B;
209B : 10161A0A;
209C : FBFE0502;
209D : 02FCFC03;
209E : FE01FFFC;
209F : 09040C0A;
20A0 : 00030C12;
20A1 : 0D0E070D;
20A2 : 0B141914;
20A3 : F8FB0305;
20A4 : FA000003;
20A5 : F7F5F201;
20A6 : FF00FDEF;
20A7 : F3FCFB03;
20A8 : 161313FF;
20A9 : 07080C0B;
20AA : 02FE0407;
20AB : FAF90302;
20AC : F9F7F8F8;
20AD : F9F7F6F8;
20AE : 0100FAFB;
20AF : 00FD11FE;
20B0 : FC010103;
20B1 : 030001FD;
20B2 : 02FFFF01;
20B3 : FE02FFFE;
20B4 : 00FEF400;
20B5 : FD00FE01;
20B6 : F8F8FFFD;
20B7 : FE040502;
20B8 : 0201FFFF;
20B9 : 040101FE;
20BA : FFFB01FF;
20BB : 00FDFC02;
20BC : 01FEFDFF;
20BD : 03000203;
20BE : 000003FC;
20BF : FE0100FE;
20C0 : 030401FD;
20C1 : FFFFFE03;
20C2 : 0203FF05;
20C3 : 020401FE;
20C4 : FFFC0301;
20C5 : FE030200;
20C6 : FE030300;
20C7 : F901FFFD;
20C8 : 0403FF04;
20C9 : 05FBFCFF;
20CA : FEFC0000;
20CB : FD000101;
20CC : FE03FFFF;
20CD : 03FD01FD;
20CE : 02FFFF03;
20CF : 000303FB;
20D0 : 00FDFE00;
20D1 : FBFCF500;
20D2 : 01FFFA00;
20D3 : 0000FF03;
20D4 : FBFFFE03;
20D5 : 00FF0004;
20D6 : FB00FF02;
20D7 : F9FF01FA;
20D8 : EFF3FD01;
20D9 : F9F7FCFA;
20DA : FEFEFCFD;
20DB : 03010600;
20DC : FEFDFC05;
20DD : FBFB02FC;
20DE : 09FCFDFF;
20DF : FBFD0309;
20E0 : E6EDE9E9;
20E1 : 01F9F4F0;
20E2 : FD0300FD;
20E3 : 0100FD00;
20E4 : F7F805FE;
20E5 : 0B0502F9;
20E6 : 14FF0CFD;
20E7 : 01FFE9F6;
20E8 : F7F6ECF7;
20E9 : 02FDFFFB;
20EA : 040000FF;
20EB : FCFCFEFF;
20EC : 0F0B0202;
20ED : 01293E1E;
20EE : 08080914;
20EF : F0F2F5F9;
20F0 : FB0100FB;
20F1 : 000301FE;
20F2 : EDFCF3F6;
20F3 : 1811FCFB;
20F4 : 0C092418;
20F5 : ECF808FC;
20F6 : E7E0F3F8;
20F7 : 0300FCF3;
20F8 : FC0001FF;
20F9 : E903F1F9;
20FA : 0505FD14;
20FB : 0F240205;
20FC : 070CF4F2;
20FD : E2D6F6FC;
20FE : FF01FAEF;
20FF : FE00FE01;
2100 : FE06EEF5;
2101 : 061C1007;
2102 : 0502EAEE;
2103 : 11180DF0;
2104 : E3E4F706;
2105 : 01FEFCEF;
2106 : FE02FD01;
2107 : 161C00F9;
2108 : EDFC150D;
2109 : F9FCD6CE;
210A : 020C0A05;
210B : EFFA0108;
210C : FF01FDED;
210D : FC0200FF;
210E : 191B0AFF;
210F : FE0B050C;
2110 : 01F2EFEE;
2111 : 11103208;
2112 : F5161221;
2113 : 05FDFEEE;
2114 : 05FF01FE;
2115 : F7130914;
2116 : ECF4FDFF;
2117 : F9EAEAF4;
2118 : 10011105;
2119 : 01171B12;
211A : FEF9F8EB;
211B : 08FA0001;
211C : 08F70721;
211D : FC17FCF9;
211E : F8E6F603;
211F : 06081417;
2120 : 03151D03;
2121 : 01FFF6EA;
2122 : 05FE02FC;
2123 : 05F40315;
2124 : F6110706;
2125 : F2D5F4FB;
2126 : 0A12050B;
2127 : F6051108;
2128 : 04FFFBF4;
2129 : FCFFFC03;
212A : 01080611;
212B : ED04FFFF;
212C : EDDDEEFF;
212D : 10FF1801;
212E : EBFA0C10;
212F : FFFB03FA;
2130 : F7FFFE02;
2131 : FFFD0719;
2132 : 05E5EBFE;
2133 : E6E3F60E;
2134 : F4020E09;
2135 : F101F40B;
2136 : 02FDF9F5;
2137 : FFFCFEFF;
2138 : FAF9FA09;
2139 : FB04F8F5;
213A : 05E1F7FB;
213B : F700170F;
213C : EAF7E2F9;
213D : 0000FBF6;
213E : FA010300;
213F : F704FF03;
2140 : 1513FAFC;
2141 : FCEBF10A;
2142 : 03FD1608;
2143 : E7F8EEF3;
2144 : 01FEFCF5;
2145 : 01FEFE02;
2146 : 05FA08F5;
2147 : 060EFD01;
2148 : FFF1F417;
2149 : 180CF1F6;
214A : E4F3ECF8;
214B : 04FEFAF5;
214C : 000105FD;
214D : EBFB0B00;
214E : FDFAE8F2;
214F : F100F300;
2150 : 0CF1F7FF;
2151 : F5ECE8F1;
2152 : 03020206;
2153 : FF020505;
2154 : EDF603FE;
2155 : F5E4E6F4;
2156 : 06F5F70E;
2157 : ECF6ED0B;
2158 : FFF2EDEB;
2159 : 0002FC12;
215A : FF0206FF;
215B : EFF3F7FC;
215C : 09FBF1F5;
215D : F80FFD18;
215E : D801EFF2;
215F : 0E07F4F9;
2160 : 0204010B;
2161 : 00000103;
2162 : EFF3ECFF;
2163 : 0FF1F2EF;
2164 : 0713FC15;
2165 : 02FAFFF4;
2166 : 0D0B0601;
2167 : 01FC000D;
2168 : FF00FEFF;
2169 : F6FBFDFD;
216A : 01FCFCEC;
216B : 08EBF9F5;
216C : 1407FB0D;
216D : 1313071B;
216E : 03030002;
216F : 03000100;
2170 : F6FD0201;
2171 : FA02FBF0;
2172 : E903F9F4;
2173 : 100D02FB;
2174 : 01031726;
2175 : 0103FDFB;
2176 : 05020602;
2177 : FE030200;
2178 : 0C0E08FF;
2179 : FB0E0502;
217A : 0E13120A;
217B : 03070E12;
217C : FF01FEFC;
217D : 0100FD01;
217E : 00000002;
217F : 00FE0202;
2180 : 0900FC04;
2181 : 00FF0004;
2182 : 020100FE;
2183 : FE01FB02;
2184 : FDFF0000;
2185 : 00010000;
2186 : FF0404FE;
2187 : 020406FC;
2188 : FE0305FC;
2189 : 00FE04FA;
218A : 02FF0302;
218B : 00020001;
218C : FEFC0000;
218D : 05FC02FD;
218E : FEFC0000;
218F : 02FC0004;
2190 : 0400FF05;
2191 : 01FE03F9;
2192 : 04010203;
2193 : 01FE01FE;
2194 : 02FEFEFF;
2195 : FEF7F7F9;
2196 : 0901FCFA;
2197 : FEFBFF02;
2198 : 0102FF03;
2199 : FFFFFF00;
219A : 010200FE;
219B : FEFF01FA;
219C : 0715010A;
219D : 05120A08;
219E : 01F9030B;
219F : 00F90302;
21A0 : FE0001F8;
21A1 : 07040201;
21A2 : 13F9F3FF;
21A3 : 0810050B;
21A4 : FCF9EEF7;
21A5 : 00FF06FD;
21A6 : 0304010B;
21A7 : 07020000;
21A8 : 0E040103;
21A9 : 0603F6F8;
21AA : 0303FB05;
21AB : F5F31510;
21AC : 07080500;
21AD : FE04020A;
21AE : FE02FDFD;
21AF : 0205FF02;
21B0 : 08FC000E;
21B1 : F90A1A01;
21B2 : F600040A;
21B3 : 0703000C;
21B4 : 00FC0307;
21B5 : FCFF03FD;
21B6 : FC0205FD;
21B7 : F9000003;
21B8 : FD0E02F2;
21B9 : 1D020511;
21BA : F602FD10;
21BB : 03020306;
21BC : F9FA0200;
21BD : 070A0801;
21BE : FB0A0C0B;
21BF : 11FE0300;
21C0 : F7FAF40C;
21C1 : F3000401;
21C2 : 0002070E;
21C3 : 020003FC;
21C4 : 090E0503;
21C5 : FA050E07;
21C6 : 04FFFE03;
21C7 : EAE703F6;
21C8 : 030FF1F5;
21C9 : 00FF070C;
21CA : 04FD0305;
21CB : 0C0800FD;
21CC : FD0DF902;
21CD : 00FDFA0C;
21CE : FB0602F9;
21CF : 0909FE07;
21D0 : 01020609;
21D1 : FBFC0102;
21D2 : 03FF01FF;
21D3 : 00F90107;
21D4 : 08000A08;
21D5 : FD101103;
21D6 : 07020807;
21D7 : F9040D06;
21D8 : F2FD0301;
21D9 : 00030100;
21DA : 0A150307;
21DB : 07160A04;
21DC : E80506FD;
21DD : FDF5F002;
21DE : 030004FA;
21DF : 00FD0000;
21E0 : F8EF0004;
21E1 : 0B02040F;
21E2 : FC12150F;
21E3 : F9FEFAFF;
21E4 : EEF0F1F5;
21E5 : FD0100FA;
21E6 : 020202FE;
21E7 : EBE8EAFD;
21E8 : 0B020901;
21E9 : FD071416;
21EA : F8F9EFF9;
21EB : F0FAE3EB;
21EC : FFFFFAF7;
21ED : FD02FFFE;
21EE : D5D8E7FF;
21EF : 1A0FF6ED;
21F0 : EFF7112C;
21F1 : FCFCF6F5;
21F2 : F708F705;
21F3 : FF00F7F9;
21F4 : 01010002;
21F5 : CACAEE02;
21F6 : 0C02E4C5;
21F7 : FBF80A13;
21F8 : F006FEEE;
21F9 : F1010603;
21FA : FE04FDFC;
21FB : 090102FE;
21FC : C4CEE606;
21FD : C392A7A9;
21FE : 08F1EFDC;
21FF : F0021401;
2200 : ECF107F5;
2201 : 0301FDF5;
2202 : 1104FF00;
2203 : E8FEF30A;
2204 : B9A0A8CB;
2205 : 07F2E8CA;
2206 : F8FDFB07;
2207 : EAEBFDF5;
2208 : FFFEFAF3;
2209 : 0EFD0001;
220A : 0B0F0D09;
220B : D1E3F308;
220C : 0AF2EDD2;
220D : 0414F604;
220E : F6F9F8F9;
220F : FD04FEFB;
2210 : 0200FF06;
2211 : 0D090A0E;
2212 : 11192019;
2213 : E8F6F709;
2214 : FE0CFBF0;
2215 : F6FBF7F7;
2216 : FF00FC03;
2217 : F8F7FFFE;
2218 : 37120D14;
2219 : 19201727;
221A : FCF7FA04;
221B : F8F1FBF0;
221C : F6F6F2F1;
221D : FD01FEFE;
221E : 03FBFCFF;
221F : 1712020C;
2220 : 19140516;
2221 : 0B0E0703;
2222 : FBF4F5F8;
2223 : F9F600F0;
2224 : FE010101;
2225 : 0E00FE02;
2226 : FF000F17;
2227 : 1916090B;
2228 : 120810FF;
2229 : F8FAF50F;
222A : 020100FA;
222B : FB030104;
222C : 0E00FDFE;
222D : 0E07060F;
222E : FDFA0305;
222F : F2F90203;
2230 : F0F0F6F2;
2231 : 060502FF;
2232 : FFFC00FC;
2233 : 02FE0103;
2234 : 09050504;
2235 : 00F9F701;
2236 : F1EDFF07;
2237 : 03030809;
2238 : FEFF02FE;
2239 : 04FFFF00;
223A : FCFDFE01;
223B : 020C0A00;
223C : FEFAFFF8;
223D : 020000F7;
223E : 010C0D0E;
223F : FFFD02FE;
2240 : FF00FC03;
2241 : FEFC04FC;
2242 : FD0103FF;
2243 : FFFE01FD;
2244 : 0300FFFF;
2245 : 02FFFD05;
2246 : FEFDFE01;
2247 : 01FD0202;
2248 : FEFF03FD;
2249 : FC0201FD;
224A : FEFFFE03;
224B : 03FE0503;
224C : FE0105FF;
224D : 03010004;
224E : 010101FF;
224F : 020200FB;
2250 : 020000FF;
2251 : 03040200;
2252 : 00FC0506;
2253 : 04010207;
2254 : FDFF0702;
2255 : FA0000F6;
2256 : 02FD01FF;
2257 : 07000100;
2258 : 0F090B0B;
2259 : 02070014;
225A : 05080CFF;
225B : 04030808;
225C : 01FDFF00;
225D : FB0102FB;
225E : 100C01FD;
225F : 090C2110;
2260 : 090D0902;
2261 : 03FD0108;
2262 : 03040EFF;
2263 : FEF90103;
2264 : FDFCFC03;
2265 : 0C0D0706;
2266 : FF1E1A10;
2267 : E8F0F1F1;
2268 : 03F50303;
2269 : F2E7F102;
226A : 040300F8;
226B : FE000200;
226C : 04080308;
226D : DB040A03;
226E : E2EDF2EE;
226F : FAF5F5F5;
2270 : F2E6E902;
2271 : 0604FEED;
2272 : 02010003;
2273 : F6FAFF0A;
2274 : F4E5F6FF;
2275 : D6EAFCEF;
2276 : E6E3F4F5;
2277 : E0E0D9DC;
2278 : FD00FFF8;
2279 : 0200FA04;
227A : 0801FA0B;
227B : 15F9F206;
227C : E7DFF4EF;
227D : D5D8E0DC;
227E : CFC1D4DA;
227F : FFF401FD;
2280 : FDFFFF01;
2281 : 06FA05FD;
2282 : 07070116;
2283 : DDF604E0;
2284 : E9D3EFDD;
2285 : D7D7E7F8;
2286 : FEFFEEEE;
2287 : FE03FEFC;
2288 : FBE204F7;
2289 : EDF0F8FF;
228A : F7FBEEEF;
228B : EFE3EAE9;
228C : E5EFF601;
228D : F9F6EFEA;
228E : F6FCFE01;
228F : 01F701F9;
2290 : EBE0EA10;
2291 : F7F9F0EF;
2292 : F2EFF4F6;
2293 : F5F405FA;
2294 : FEFBF2F1;
2295 : FBF2FE02;
2296 : 12F60400;
2297 : F8E70612;
2298 : E905EEF8;
2299 : FE05F10C;
229A : FAF30D06;
229B : 03FCF6FF;
229C : 00FAFD01;
229D : 0AF3F101;
229E : 14F3020F;
229F : 0912FAF3;
22A0 : 00090622;
22A1 : 0D000502;
22A2 : 02050610;
22A3 : 010101FE;
22A4 : F1F1F802;
22A5 : 08FEE7F7;
22A6 : FD0C22FF;
22A7 : 1D1CF41A;
22A8 : 3A110D07;
22A9 : 0201031B;
22AA : 04FDFE01;
22AB : F1ECEC01;
22AC : 131AEEF5;
22AD : FBFE19EC;
22AE : FF16E812;
22AF : 27230C0D;
22B0 : 00050207;
22B1 : 02FFFDFB;
22B2 : F6E1F2F6;
22B3 : 0605EBF6;
22B4 : F90B23F4;
22B5 : 1206E5F6;
22B6 : 0B0E1B20;
22B7 : 02030F05;
22B8 : FAFE04FF;
22B9 : 0202FEF5;
22BA : 1706EFEC;
22BB : 0E2316F5;
22BC : 02110B07;
22BD : 170C1108;
22BE : 04051208;
22BF : FFFE02FE;
22C0 : FA08F8F6;
22C1 : 1118F608;
22C2 : EFFB0804;
22C3 : 01060E15;
22C4 : FE060E13;
22C5 : 02FB130A;
22C6 : FDFF04FE;
22C7 : 11FEFFFF;
22C8 : F810ED02;
22C9 : F9070A16;
22CA : 01020611;
22CB : FDF8FAF1;
22CC : FD021008;
22CD : 02FE0000;
22CE : FDFF04FE;
22CF : 1E1706FD;
22D0 : 0F1E0D1A;
22D1 : ED060A0F;
22D2 : 00F301F3;
22D3 : FA0409FC;
22D4 : 070006FC;
22D5 : F5EDFCFE;
22D6 : 1820F9EF;
22D7 : 2C29181B;
22D8 : F71A0708;
22D9 : F8EFF1F5;
22DA : 04FB00F7;
22DB : 02FE0104;
22DC : 0AF6F200;
22DD : FC1012FD;
22DE : 101D160F;
22DF : F8110F09;
22E0 : E9F2EEF0;
22E1 : 080305EF;
22E2 : FF02FEFE;
22E3 : F8FCFBFE;
22E4 : FC130AF7;
22E5 : FCE0F5ED;
22E6 : F0E2E3ED;
22E7 : E6F4F6F8;
22E8 : FF0106EB;
22E9 : FD000201;
22EA : ECF8FE04;
22EB : D6DBE1ED;
22EC : C3C5CDD9;
22ED : E8CFC0BD;
22EE : EDFB02F9;
22EF : 00FC03EA;
22F0 : FEFF00FE;
22F1 : FB03FCFC;
22F2 : E2EBE6F1;
22F3 : E1DEDBE2;
22F4 : F0E9E8EF;
22F5 : FEFBFEFA;
22F6 : 050200F8;
22F7 : 0000FB04;
22F8 : FDFDFBFC;
22F9 : FDFAFAFE;
22FA : FCFB00FC;
22FB : FFFEFCFE;
22FC : FCFFFE04;
22FD : FE030001;
22FE : 00FCF900;
22FF : FE05FFFD;
2300 : 0100FD01;
2301 : 030100FF;
2302 : 0600FDFC;
2303 : 0303FF07;
2304 : 02FF00FE;
2305 : FDFE01FF;
2306 : 02040001;
2307 : FA030204;
2308 : 0100FEFE;
2309 : 04FA0002;
230A : 03FF0100;
230B : 02FFFD02;
230C : 01FF0302;
230D : 03FF0100;
230E : 02FD01FD;
230F : 06FF0701;
2310 : FD0202FF;
2311 : 04FD0301;
2312 : FEFE01FC;
2313 : FF020302;
2314 : FB030001;
2315 : FFFF0301;
2316 : 060101FF;
2317 : FCFF02FD;
2318 : FEFAFCFD;
2319 : FF01FE06;
231A : 03FC01FD;
231B : 010305FD;
231C : 00FDFD00;
231D : 0D0204FF;
231E : 02F90305;
231F : 02030501;
2320 : 00FEFF03;
2321 : FBFF0603;
2322 : 040203FE;
2323 : F7F9FFFE;
2324 : 0C050602;
2325 : 07FEFA04;
2326 : 0809040A;
2327 : FDFD00FB;
2328 : 02FF05FD;
2329 : F9010801;
232A : F6F3F7FA;
232B : FA0614F3;
232C : 00F2EDF0;
232D : FF000106;
232E : 00F9FDFF;
232F : FF020303;
2330 : F600FFFE;
2331 : EDE1ECF1;
2332 : 10001E08;
2333 : EEF2EC0A;
2334 : F9FBF6E5;
2335 : 04FEF8FF;
2336 : FA030000;
2337 : F7020505;
2338 : 03E1DBEE;
2339 : 0E0C11FF;
233A : D0E5E401;
233B : 01FFF2CD;
233C : 0000F8FB;
233D : 02FC0206;
233E : F5060CFF;
233F : F8F2DCE5;
2340 : 0B1F0E07;
2341 : D2E8EBFA;
2342 : 04FFF1EC;
2343 : 04FDFAF8;
2344 : 0205FFFF;
2345 : 09010806;
2346 : EDF3ECFA;
2347 : 222E1AF4;
2348 : DBDFE3E4;
2349 : F7FEF9FA;
234A : FF02F5F6;
234B : 00FDFE01;
234C : 24060407;
234D : FBE1FB06;
234E : 102D22EE;
234F : F2F5D9D5;
2350 : F8F4F5F5;
2351 : 0503EFEB;
2352 : 00F802FF;
2353 : 14FCFAFC;
2354 : FEE5DAFC;
2355 : 0A2326F8;
2356 : F5FBF3E4;
2357 : F6FE01FA;
2358 : FCFCF8F6;
2359 : 00010403;
235A : 02F0F802;
235B : F400EFFA;
235C : ED181508;
235D : 04F8F6E1;
235E : F101080B;
235F : 01F8F1E4;
2360 : 020B05FE;
2361 : F1F7F8FC;
2362 : 1009FAFA;
2363 : E8021718;
2364 : 0402E9FA;
2365 : EFF80205;
2366 : FDF5F6F6;
2367 : 00000303;
2368 : E90401FF;
2369 : 0010FEF5;
236A : 03010A0E;
236B : 090D040C;
236C : F5F5010A;
236D : 03F9F7F2;
236E : FD01FE01;
236F : F50501FD;
2370 : EDFD0F0A;
2371 : FC110809;
2372 : FD000501;
2373 : F30D0B01;
2374 : FEFAF4F0;
2375 : 000604FF;
2376 : 0602FAFF;
2377 : 090B060D;
2378 : EF07EEFE;
2379 : 080A08FA;
237A : 03091407;
237B : FDF8F5F7;
237C : FFFFFFFB;
237D : 11FC0703;
237E : 13FA080A;
237F : F308F7F1;
2380 : 0D09F603;
2381 : FB020A00;
2382 : FDFBF4FC;
2383 : F8FFFEFD;
2384 : FFFEFDFF;
2385 : FE110709;
2386 : FD1D13F4;
2387 : 0BF9FC0F;
2388 : FBFC08F9;
2389 : FDFDF6F8;
238A : FEFFFFFF;
238B : EBE8F9FC;
238C : EFF5FFFC;
238D : 000819F8;
238E : FD11FD07;
238F : F9F503FE;
2390 : 00FEF7F4;
2391 : FF02FF00;
2392 : FFF7FEFD;
2393 : 02010FF7;
2394 : 02050402;
2395 : FB0EF508;
2396 : F4E9EBF0;
2397 : 0101FEF6;
2398 : FCFC0300;
2399 : 0209F0FA;
239A : 0BF103F0;
239B : 15190012;
239C : FC16010A;
239D : F4EBE1F1;
239E : 000800F8;
239F : 0100FE00;
23A0 : F4F5FAF6;
23A1 : F8EFE5F7;
23A2 : 14FAF212;
23A3 : F30EE90E;
23A4 : F3F0F0F1;
23A5 : 0002FEFF;
23A6 : 00000304;
23A7 : F0F5FF03;
23A8 : F7F6EEF5;
23A9 : 0BE6F3F7;
23AA : FEFDEF0D;
23AB : FCF8F3F3;
23AC : 01000301;
23AD : FE0102FE;
23AE : F7FD01FD;
23AF : 0601FBF4;
23B0 : FBFFFA06;
23B1 : F5F204F4;
23B2 : FAFAF9F8;
23B3 : 00030200;
23B4 : FC0000FB;
23B5 : 00030500;
23B6 : 110D1003;
23B7 : FBFBE8F8;
23B8 : 0202FDFB;
23B9 : 00090303;
23BA : 00FF0203;
23BB : 03FF0002;
23BC : 02020501;
23BD : 02080804;
23BE : F2EFE4F8;
23BF : F3F3E4E1;
23C0 : 06050502;
23C1 : 00FD03FF;
23C2 : FCFF0300;
23C3 : FE01FB05;
23C4 : FFFC0100;
23C5 : FDF6FDF4;
23C6 : FFFDF5F9;
23C7 : FEFDFDFE;
23C8 : FEFDFEFE;
23C9 : 00FD04FE;
23CA : FFFF03FD;
23CB : 02FBFFFA;
23CC : FEFFFE03;
23CD : FD01FF04;
23CE : 010200FF;
23CF : FE0101FF;
23D0 : FEFF02FF;
23D1 : 05000003;
23D2 : 02FD01FE;
23D3 : 0000FCFD;
23D4 : FFFF0105;
23D5 : FEFE01FF;
23D6 : 01FF02FF;
23D7 : FD0201FB;
23D8 : FD0204FC;
23D9 : 06050101;
23DA : 04010807;
23DB : 02080402;
23DC : 0304FD01;
23DD : FC01FC04;
23DE : FEFEFFFA;
23DF : 020500FF;
23E0 : 00FFF7FF;
23E1 : 08FFFE06;
23E2 : 0E09060A;
23E3 : 02020606;
23E4 : FF0001FD;
23E5 : 01FC0302;
23E6 : 0A0503FF;
23E7 : 0A03060C;
23E8 : 030404F3;
23E9 : 0901F4FF;
23EA : 06030402;
23EB : 0104FEFB;
23EC : 000202FD;
23ED : 03FF0701;
23EE : F606FBFD;
23EF : FF0A07FC;
23F0 : 03060107;
23F1 : F2FE0905;
23F2 : 0002FBF7;
23F3 : 02010702;
23F4 : F9FF03FF;
23F5 : 0203080E;
23F6 : 030E08FE;
23F7 : FE02F5F7;
23F8 : F8F500F9;
23F9 : FDFDFCF9;
23FA : FF01FDFE;
23FB : FEFB04FE;
23FC : F9EDE90D;
23FD : 0A06FB08;
23FE : F600F001;
23FF : 03FFFDF7;
2400 : 01FFF9FD;
2401 : FDFEFFFE;
2402 : FC030DF6;
2403 : F803F2F6;
2404 : 02F7F7F9;
2405 : FEF8EDFC;
2406 : 04F1F5F0;
2407 : FB00FA05;
2408 : FE010001;
2409 : FA0B04F1;
240A : F3F6F800;
240B : 0DEA010F;
240C : FD00F5FB;
240D : 00F501F4;
240E : 01FEFF01;
240F : FDFE0203;
2410 : 0808FBF7;
2411 : 0E0801F2;
2412 : 00FB0C0C;
2413 : F7F7E5E9;
2414 : F3E9EBF8;
2415 : FFFAFEFA;
2416 : F800FF03;
2417 : 010A0BF7;
2418 : 101516F6;
2419 : 02EF0607;
241A : EFF3030A;
241B : F8ECEBF5;
241C : FEFAF804;
241D : 0104FE03;
241E : FEFAF8FD;
241F : 0C1D1EF7;
2420 : 01E0E80A;
2421 : FA0A091A;
2422 : 08EEFE08;
2423 : FEF8F302;
2424 : 0301FFFC;
2425 : FB140404;
2426 : FA0C38FB;
2427 : FFE6CDEC;
2428 : F900F206;
2429 : 16050D03;
242A : 02FDEB06;
242B : 050103FE;
242C : 02160710;
242D : E8061E0B;
242E : F9FAD3CE;
242F : FBF5E2EA;
2430 : 21150EE2;
2431 : FEFAEF04;
2432 : FFFDFE02;
2433 : 07090810;
2434 : F2F30605;
2435 : 00FAECEF;
2436 : F8FB0402;
2437 : 20170700;
2438 : FFF8F907;
2439 : FEFCFB00;
243A : 15131404;
243B : EC03E707;
243C : 05F8E8F0;
243D : F3070BFC;
243E : 161C0907;
243F : FEF3FCF7;
2440 : FBFD03FE;
2441 : 0F0D1C05;
2442 : 0904FB16;
2443 : 03ECDDE6;
2444 : 06F7F1ED;
2445 : FF13FD0F;
2446 : FBFB000D;
2447 : FEFDFB03;
2448 : 17061AFF;
2449 : 150A0F1B;
244A : F4F5DFFB;
244B : 1A00E9EA;
244C : 0D1E0003;
244D : FDFEF509;
244E : 01FE0202;
244F : 0FFDFC01;
2450 : 08061001;
2451 : 0203FCF8;
2452 : 1A0B05EE;
2453 : 01070319;
2454 : FBFFF4F5;
2455 : 05020302;
2456 : 0804FB01;
2457 : 150612F7;
2458 : F004F40A;
2459 : 160400F5;
245A : 05FF031D;
245B : FD00F502;
245C : FD020106;
245D : 08FF00FE;
245E : 03121400;
245F : F90AF70E;
2460 : 18090902;
2461 : FE01060B;
2462 : 000001FE;
2463 : 01FA0402;
2464 : 08FAEFF7;
2465 : 0909FCF8;
2466 : 010C0614;
2467 : 0201F8F5;
2468 : F4040601;
2469 : FF0002F7;
246A : FEFF0204;
246B : 06F8F9FC;
246C : EEEAE9F0;
246D : 1C191B02;
246E : 05020D08;
246F : F5FEFEFD;
2470 : 01FC02FB;
2471 : FD0500FD;
2472 : 01FD0002;
2473 : EFF4F6F1;
2474 : 0D0801E9;
2475 : 0313110A;
2476 : F7FA00FF;
2477 : 00FFFFF9;
2478 : 00FFFF00;
2479 : 06FFFE00;
247A : FBFC0000;
247B : 0CFFF807;
247C : F4FAFE04;
247D : FE02F8FB;
247E : 0003FE01;
247F : 0402FF01;
2480 : FA0502FE;
2481 : FAFD0003;
2482 : F3F4FBFC;
2483 : F5F1EAF2;
2484 : 02FAF7F3;
2485 : 0500FEFF;
2486 : 03FCFFFF;
2487 : 00FFFEFD;
2488 : 00FDFD02;
2489 : 00FEFE00;
248A : FCF8F7FA;
248B : 00FCF8FF;
248C : F9050401;
248D : 000403FE;
248E : 03FF0101;
248F : 0003FDFD;
2490 : 0004FBFD;
2491 : 02FEFDFC;
2492 : 0202FA01;
2493 : 02FFFCFF;
2494 : FF0102FD;
2495 : FE010301;
2496 : 0400FEFF;
2497 : 08FD06FD;
2498 : 01FE0004;
2499 : 0005FDFA;
249A : FCFFF900;
249B : 04FDFEFE;
249C : 040300FE;
249D : 0003FC01;
249E : 05030204;
249F : 04FDFB00;
24A0 : 00010102;
24A1 : FE00FDFE;
24A2 : FD00FFFE;
24A3 : 03FF0502;
24A4 : FD01FB01;
24A5 : 0B00FAFB;
24A6 : 09010209;
24A7 : 0100FF03;
24A8 : FD00FCFC;
24A9 : FE050201;
24AA : 03FA0001;
24AB : F4F6FC02;
24AC : 04F2EEF4;
24AD : 040406F8;
24AE : F8010F0B;
24AF : FD01FEF4;
24B0 : 00020202;
24B1 : FBFB01FE;
24B2 : F1F0F3F7;
24B3 : 09F5F7EB;
24B4 : FE0304F0;
24B5 : 06F3F9FA;
24B6 : FFFF0405;
24B7 : 00040300;
24B8 : EEF3FDFE;
24B9 : FFE0EEEE;
24BA : 0309F7EA;
24BB : F4E2F4F0;
24BC : F7F8EC0A;
24BD : 0503FFFE;
24BE : 00FFFE01;
24BF : E5EF0102;
24C0 : 01FAE8E6;
24C1 : EC01FDFE;
24C2 : 04F3EBE3;
24C3 : 0C08F208;
24C4 : 02061512;
24C5 : FA02FEFE;
24C6 : E9F1FC03;
24C7 : 1019F6EC;
24C8 : FD0CF903;
24C9 : EF0B02F8;
24CA : 1B11040E;
24CB : 000B0B10;
24CC : FD000000;
24CD : F0FCF8FF;
24CE : F1F8FEF4;
24CF : 04FC01FE;
24D0 : 1B241A0F;
24D1 : 1E1A1C28;
24D2 : FE051A38;
24D3 : 00FE0101;
24D4 : F2FBFA01;
24D5 : 0103F8F3;
24D6 : 000502F5;
24D7 : 303B1802;
24D8 : 1B1B1E20;
24D9 : 02082033;
24DA : 0303FF01;
24DB : FAFBF505;
24DC : F50B01FD;
24DD : E8FA02FB;
24DE : 1AF9D5CD;
24DF : 0B151D05;
24E0 : FF101913;
24E1 : FF000201;
24E2 : F3EFF4FE;
24E3 : E8FBEEE7;
24E4 : DDDBFAFA;
24E5 : CDB1B5C4;
24E6 : EFE8E9C2;
24E7 : FFFF09F2;
24E8 : 030001FC;
24E9 : F6F9FBFC;
24EA : 0C050F07;
24EB : F3FD0401;
24EC : 839AC0E4;
24ED : D5C9C0AB;
24EE : 00FEF6DA;
24EF : FF00FEFC;
24F0 : 06FBF7FD;
24F1 : 05F71008;
24F2 : 031D041B;
24F3 : D0DDFA08;
24F4 : D1D1CECC;
24F5 : FC05FBE5;
24F6 : 01000500;
24F7 : F103FD01;
24F8 : F3FF00FD;
24F9 : FC07FD0B;
24FA : FF0CF705;
24FB : E5DDE6F4;
24FC : 0001FFEA;
24FD : 00FF0201;
24FE : F4F50202;
24FF : F1FC060B;
2500 : F401FA15;
2501 : FF12FAFE;
2502 : E2E3E2FC;
2503 : FDFB01E8;
2504 : 01FD0002;
2505 : E9DE04FA;
2506 : FD0703FE;
2507 : 00FF0300;
2508 : FDF50209;
2509 : EBE9F3F6;
250A : FEFB02F0;
250B : FFFE0204;
250C : FEF6FAFF;
250D : 041404FA;
250E : 0C13FF06;
250F : F90401FF;
2510 : F4F9FB07;
2511 : 05FBF8F6;
2512 : FAFC0500;
2513 : 0106F2FA;
2514 : 0CF6FC0C;
2515 : 0E15F913;
2516 : 06F50900;
2517 : ECE3F004;
2518 : 01FFFCEF;
2519 : FDFBFFFE;
251A : F0FAFFF8;
251B : F7F4F80D;
251C : 0B161307;
251D : 0708FD0A;
251E : FFEFF1F9;
251F : 01FAF7FD;
2520 : F9FDFD01;
2521 : F601FBE9;
2522 : FEFAEC0D;
2523 : 010510FD;
2524 : 12071010;
2525 : 02F9EFF8;
2526 : 0906FDFC;
2527 : F70204FC;
2528 : FCF9F7F2;
2529 : 0CF00CFC;
252A : 10080D16;
252B : FFFDFAF2;
252C : FAFBF907;
252D : 01FF00FF;
252E : 03FD01FE;
252F : F8F1F3F8;
2530 : 07090D00;
2531 : 040FF715;
2532 : F8020CFC;
2533 : FAFE0106;
2534 : FC000201;
2535 : 0201FF01;
2536 : F8020809;
2537 : 07190C0E;
2538 : 0415060B;
2539 : FF050301;
253A : F9FFFA10;
253B : 03FF01FF;
253C : 0006FFFD;
253D : F8F0FFFD;
253E : FD041406;
253F : 050E1F09;
2540 : 0C180B0C;
2541 : FFFAFD08;
2542 : 00FF06FE;
2543 : 00FF03FC;
2544 : F6F6FAFC;
2545 : F3ED01FB;
2546 : FAF90C19;
2547 : 0D0F1907;
2548 : FF000101;
2549 : FF010103;
254A : FD000202;
254B : FBF90205;
254C : FAF8FEFB;
254D : 00EDFC02;
254E : FCFC0911;
254F : FC000201;
2550 : FE0400FD;
2551 : 0305FEFF;
2552 : 01FEFFFD;
2553 : FFFD0500;
2554 : 0001FF00;
2555 : FFFFFB02;
2556 : 00FD0106;
2557 : 02FD01FE;
2558 : 05FFFDFF;
2559 : 0202FFFC;
255A : FF0302FE;
255B : 0103FD03;
255C : FE04FCFD;
255D : 01010204;
255E : 00FD0002;
255F : FDFD0001;
2560 : 03FE00FF;
2561 : 01FD01FF;
2562 : 02FD0101;
2563 : FFFF02FF;
2564 : FD000002;
2565 : 02020101;
2566 : FE000202;
2567 : FEFFFFFF;
2568 : FF02FB02;
2569 : F9FEFF02;
256A : FDFE00FE;
256B : FE0403FE;
256C : 0302FFFC;
256D : F9FF01FF;
256E : FD04FFFD;
256F : FD00FFFE;
2570 : 0307FCFD;
2571 : FE030D0A;
2572 : 050100FF;
2573 : FCFE0102;
2574 : FE03FEFC;
2575 : FFFCFC00;
2576 : 0BFF0301;
2577 : 1819040B;
2578 : 04FFFC16;
2579 : FB000507;
257A : 04070201;
257B : 00FE0001;
257C : F6F4FC02;
257D : 17F8EBF0;
257E : 1B16020E;
257F : 12F50410;
2580 : EFFF0517;
2581 : 000005FC;
2582 : 02020304;
2583 : F6F0F1F7;
2584 : 190006FA;
2585 : 1503FF16;
2586 : 07050EF8;
2587 : 0503FD01;
2588 : FDFB0B02;
2589 : FA020100;
258A : F4F1FCFD;
258B : FD130A12;
258C : 1AF10BF8;
258D : FF15FB10;
258E : FD120AE5;
258F : FFFD0502;
2590 : 00FCFD00;
2591 : 0B0AF3FF;
2592 : 100E0C01;
2593 : FBF71618;
2594 : 02FEF701;
2595 : 1D09EFEF;
2596 : 0609FE03;
2597 : FEFB02FD;
2598 : 0306F1FC;
2599 : 1209F908;
259A : ECEBF807;
259B : 09ECF8EE;
259C : 2A140204;
259D : FA080414;
259E : FCFF0103;
259F : FF0FF4FE;
25A0 : 0C080E14;
25A1 : E20CE20F;
25A2 : 0200FADF;
25A3 : 300B03FB;
25A4 : FBFFFD09;
25A5 : FDFA01FE;
25A6 : 080E1000;
25A7 : 02F11002;
25A8 : FE0EF804;
25A9 : 0F00F5F1;
25AA : 14EBE7F2;
25AB : FF08121B;
25AC : FD02FE02;
25AD : 120407FB;
25AE : FAF312F6;
25AF : F01316F7;
25B0 : 0DFB0AFA;
25B1 : FDF008F7;
25B2 : 04050B14;
25B3 : FF0300FF;
25B4 : 05F9F4EC;
25B5 : 02EB1F13;
25B6 : 09FC2114;
25B7 : 05FFE712;
25B8 : FFFAF903;
25B9 : 010604FE;
25BA : FDF9FC00;
25BB : F2F5F0F2;
25BC : 3703E9F2;
25BD : 01EF0B19;
25BE : EAED0711;
25BF : E8F7F6ED;
25C0 : FE0505F9;
25C1 : FF01FFFF;
25C2 : FB03FFFD;
25C3 : 270802F9;
25C4 : F4140C23;
25C5 : F4FAF426;
25C6 : F2FDE3E4;
25C7 : 00FF0400;
25C8 : 0503FEFF;
25C9 : 0406F901;
25CA : 11271F0E;
25CB : 060D050B;
25CC : EFEEF802;
25CD : F8F7E3DF;
25CE : FF010001;
25CF : 05FB0202;
25D0 : FBF6F402;
25D1 : 131D2523;
25D2 : F610FCFE;
25D3 : EDE2E4F4;
25D4 : FAF4F7EF;
25D5 : 0201FB05;
25D6 : 04FDFC01;
25D7 : 0F110800;
25D8 : FC1F1903;
25D9 : EAF90102;
25DA : F1EBE2E5;
25DB : 0100FCF7;
25DC : 0601FF06;
25DD : FFFEFCFE;
25DE : 04090F06;
25DF : D6000603;
25E0 : E5EAFFEF;
25E1 : 02FFF9FB;
25E2 : 0E1201F6;
25E3 : 0305FB06;
25E4 : 01040203;
25E5 : 02031507;
25E6 : F5F8F102;
25E7 : 05EDFCF8;
25E8 : FD03E5F2;
25E9 : 110E0004;
25EA : FE04FF05;
25EB : 0105FEFB;
25EC : 110FFD0A;
25ED : 07EF12FE;
25EE : F7FA02EE;
25EF : F8FA09E5;
25F0 : 020F04FB;
25F1 : 01FCFCFB;
25F2 : FDFDFE00;
25F3 : 140600FF;
25F4 : 020E11FB;
25F5 : 090F07FB;
25F6 : 01000103;
25F7 : F70505FD;
25F8 : 01FFF9F8;
25F9 : 01FBFA02;
25FA : 00EBF1FC;
25FB : F0010E0E;
25FC : FEF00AFA;
25FD : 11150C17;
25FE : FF0A010C;
25FF : FDFBFCF9;
2600 : FF00FE00;
2601 : F6F0E7F4;
2602 : 150A040E;
2603 : 0E01080F;
2604 : 0E05F60B;
2605 : FC000410;
2606 : 00030201;
2607 : FAFF01FE;
2608 : 0EFFF0F9;
2609 : 0816070F;
260A : 231107F3;
260B : 15192015;
260C : 01FE050F;
260D : FE04FC00;
260E : 010201FF;
260F : 0300FE05;
2610 : 0EFE080A;
2611 : 020B030E;
2612 : 05141B0A;
2613 : FFFDFD00;
2614 : FEFDFFFF;
2615 : 0001FC01;
2616 : FFFDFDFD;
2617 : 01FD02FE;
2618 : FD0202FF;
2619 : 010300FF;
261A : FDFDFC02;
261B : 0102FDFB;
261C : FC0103FF;
261D : FEFF0002;
261E : 01FE0201;
261F : 0302FFFC;
2620 : 00FF02FF;
2621 : FF000AFE;
2622 : FE0503FF;
2623 : FF01FF00;
2624 : 0303FF05;
2625 : FF0004FF;
2626 : FD0101FE;
2627 : 04FBFC00;
2628 : FE01FCFC;
2629 : 02FFFFFF;
262A : FE040102;
262B : 05000400;
262C : 01FEFB01;
262D : FE030301;
262E : 07050401;
262F : 03040600;
2630 : 030401FF;
2631 : FAFEFB05;
2632 : 03000100;
2633 : FCFEFD05;
2634 : 040A0F05;
2635 : 0F0D0904;
2636 : F6FCFC03;
2637 : 0703FCFE;
2638 : FE0003FE;
2639 : 03FFFDFF;
263A : 12100402;
263B : 11F0EE0D;
263C : 04060512;
263D : 110D1602;
263E : 0106040B;
263F : 02FE00FF;
2640 : FD0700F6;
2641 : 130D0A06;
2642 : F5EFFD0C;
2643 : FD181E0D;
2644 : 0C28190D;
2645 : FE03030B;
2646 : FE000201;
2647 : 0C0303F5;
2648 : 0C110007;
2649 : 08FBEC05;
264A : 241A0EFD;
264B : 0F131814;
264C : 03020909;
264D : F601FEFF;
264E : 0D04FEF2;
264F : 151D0404;
2650 : 0D02FE0B;
2651 : 2C2C0A21;
2652 : FFFD0E23;
2653 : FE060503;
2654 : F2FF0201;
2655 : F0FAFAF0;
2656 : 0C030DEF;
2657 : 0BF1FC14;
2658 : FE08F407;
2659 : 01EDE8F7;
265A : 00000301;
265B : F3FC03FF;
265C : FFFCEFF9;
265D : 12FF0DFF;
265E : C8DBF71F;
265F : BAC5C2CD;
2660 : E4E4C3B9;
2661 : 01080201;
2662 : FCFF03FD;
2663 : F8FBF703;
2664 : 07020E0E;
2665 : D1C4D508;
2666 : C5E4D5D9;
2667 : D5C5CBCF;
2668 : 04FBF7F1;
2669 : FDFBFCFF;
266A : 0305FA04;
266B : 040A0AEE;
266C : FF020415;
266D : E700F903;
266E : DFD1E2E2;
266F : FEFFFCF0;
2670 : 03FDFCFF;
2671 : 0F10FD06;
2672 : 08000210;
2673 : EE010D07;
2674 : F600EEEE;
2675 : F4F0F7F4;
2676 : FBFDF7F1;
2677 : FC000300;
2678 : 13140906;
2679 : 0203F8EE;
267A : 07F6FE09;
267B : F9F7EBF0;
267C : 06FEFAFE;
267D : 06FAF803;
267E : 0002FDFE;
267F : 1003F902;
2680 : EB05030C;
2681 : 0EF9EAFB;
2682 : 0401D6F4;
2683 : 0DF5F204;
2684 : 04FEFD10;
2685 : FAFDFEFC;
2686 : 01F4F7F1;
2687 : F70A0309;
2688 : FFECECF9;
2689 : 0002F2FE;
268A : 1EFE1402;
268B : 04FDFB18;
268C : FDFE0102;
268D : E3EBF4EF;
268E : FAFA01EE;
268F : 07FBF7FC;
2690 : 05FEFA06;
2691 : 1E1204F0;
2692 : 02010018;
2693 : 02FEFE00;
2694 : F6F0F5F9;
2695 : F8FCEDEA;
2696 : F5F9EDFA;
2697 : 0500F4E2;
2698 : 130B09F9;
2699 : 00FBFB15;
269A : 0705FBFF;
269B : EBEDFA0B;
269C : C4E2E7EE;
269D : F1ECCDD0;
269E : 0AFEF0F6;
269F : 10061213;
26A0 : FCFC0012;
26A1 : 0E040000;
26A2 : E1EEFB0F;
26A3 : EFEAE600;
26A4 : EBDFC8E3;
26A5 : 05FC0C09;
26A6 : 0A070D1A;
26A7 : FEFE060C;
26A8 : 0E05FC01;
26A9 : E7ED050B;
26AA : FFEE06FF;
26AB : 16F9FA04;
26AC : 0D001717;
26AD : 12130609;
26AE : 0002040E;
26AF : 040102FF;
26B0 : FBFF0B0D;
26B1 : 06F2EE03;
26B2 : 0E1B0805;
26B3 : 1415F603;
26B4 : 17011210;
26B5 : FD000509;
26B6 : FE020303;
26B7 : F4F8040A;
26B8 : 11F7FD04;
26B9 : 0616000C;
26BA : 0FFF020A;
26BB : 0B0AFD01;
26BC : 02020A01;
26BD : 0404FF01;
26BE : FE020D06;
26BF : 0F050202;
26C0 : 171D0D17;
26C1 : FEFD090A;
26C2 : F907FB0B;
26C3 : 03FF0808;
26C4 : 00020104;
26C5 : 13050102;
26C6 : FE051A20;
26C7 : 130F02FB;
26C8 : FF101D11;
26C9 : FE02FB08;
26CA : FCFE0100;
26CB : 00FDFC03;
26CC : 0B02FB01;
26CD : 12151C0D;
26CE : 100F1B19;
26CF : 0F0B0A05;
26D0 : 050C070D;
26D1 : FD03FC03;
26D2 : FE010000;
26D3 : FEFE01FE;
26D4 : FC05FA01;
26D5 : FF040200;
26D6 : FFFAF701;
26D7 : 0102FFFC;
26D8 : 000004FE;
26D9 : FB00FE01;
26DA : 0003FD00;
26DB : 0002FE01;
26DC : 05FD01FF;
26DD : 030100FC;
26DE : 03FBF6FC;
26DF : 00FF00FF;
26E0 : 06FE02FF;
26E1 : FF0000FD;
26E2 : F8FD04FE;
26E3 : 0302FF03;
26E4 : 00FCFF03;
26E5 : 02FA0403;
26E6 : FF060605;
26E7 : FF0100FD;
26E8 : 000002FF;
26E9 : 06FD0204;
26EA : FDFF0301;
26EB : FFFFFE03;
26EC : FEFE0102;
26ED : FE0207FE;
26EE : 0100FF00;
26EF : 0500FCFF;
26F0 : FFFF0202;
26F1 : FFFEFEFD;
26F2 : 01FFFEFE;
26F3 : 000403FE;
26F4 : FEFAFD05;
26F5 : FD03FC00;
26F6 : 01FD05F9;
26F7 : F6FDFB05;
26F8 : F9F3F7FA;
26F9 : 0202F7F5;
26FA : 00FDFD00;
26FB : 01FCFD00;
26FC : FDFF0404;
26FD : 01FEF800;
26FE : F4FDF601;
26FF : EAE8E4EC;
2700 : FF08F7EB;
2701 : FFFDFCFB;
2702 : 03FE00FF;
2703 : FF02FF02;
2704 : 07050201;
2705 : FCF4F4FC;
2706 : F404F7F3;
2707 : FE02FBF2;
2708 : FAEFEF08;
2709 : FF01FAFD;
270A : 0503FCFE;
270B : 0202F600;
270C : 151907FE;
270D : 2D0D110B;
270E : E4030916;
270F : F2E8FC0B;
2710 : 010101F7;
2711 : 0304FF04;
2712 : FD04F9FD;
2713 : 0B080803;
2714 : 0D212015;
2715 : DF04FFF1;
2716 : DFE2F4F4;
2717 : 05FC02F4;
2718 : 00FAFEFF;
2719 : F3F2F709;
271A : 05060704;
271B : FA131519;
271C : EE08F2E9;
271D : E0ECF8FF;
271E : 02FAF9ED;
271F : 02FEFD00;
2720 : 1006FD1B;
2721 : 030C0D1D;
2722 : 0D101016;
2723 : F806180C;
2724 : F0F5F70A;
2725 : FDFDFDEE;
2726 : 0CFB0400;
2727 : 0A100311;
2728 : F4010810;
2729 : F3FDF5F5;
272A : 0B121F0A;
272B : FBF9FC14;
272C : 0200FFF4;
272D : 0B0503FA;
272E : FF0B0301;
272F : EFEB0902;
2730 : EEE3FEEB;
2731 : 11F8FF09;
2732 : 0805FC0F;
2733 : 070102FB;
2734 : FE0406FF;
2735 : FD01FF02;
2736 : EB02F6EF;
2737 : 0C1600EB;
2738 : 0001F602;
2739 : FF01EAFC;
273A : 000100FD;
273B : FCFDFD05;
273C : FCF1F3FC;
273D : F5FAF4EE;
273E : F3121400;
273F : FA0E0609;
2740 : F1E4E7F3;
2741 : 0201FDF9;
2742 : FE000003;
2743 : FDE0D6F7;
2744 : FAFEF703;
2745 : 13F51102;
2746 : F3FEFF0E;
2747 : F0E3ECFD;
2748 : FDFDFCF7;
2749 : FF0203FB;
274A : F7EAE2EF;
274B : 0FFE06FE;
274C : 1F12EF0B;
274D : 04FC0717;
274E : FA011011;
274F : F9FDF9F9;
2750 : 00FE0301;
2751 : F5F0E6F6;
2752 : 160F02F4;
2753 : F9090D0F;
2754 : 0403E1F8;
2755 : 02100C02;
2756 : FFF7F5F5;
2757 : FF000101;
2758 : FFEFF5F8;
2759 : 05E7ECFF;
275A : F3FC292A;
275B : 0300EADF;
275C : FF060202;
275D : 03FDF5E5;
275E : 0207FF02;
275F : E7EDF9FE;
2760 : 09F4EFEC;
2761 : E7D8FC0A;
2762 : 0CFDF9E4;
2763 : FC08090F;
2764 : 00FFFDE4;
2765 : 0102FDFD;
2766 : E6E0FB02;
2767 : C5D8E7E4;
2768 : E5DDD8DB;
2769 : 050A02FC;
276A : F5121004;
276B : FFFFFBEA;
276C : 08000300;
276D : EDEBF000;
276E : C6D5DCE0;
276F : FDFAD7C6;
2770 : 1610F502;
2771 : FA040211;
2772 : FF0100F0;
2773 : 0D010202;
2774 : FFFD0310;
2775 : EEF1D6E8;
2776 : 0C00F3FE;
2777 : FE12F318;
2778 : F6030204;
2779 : FFFB00F9;
277A : 08FDFC03;
277B : 05020E13;
277C : 0606EAFE;
277D : F4F4EE02;
277E : FBFCF7FA;
277F : 0410FF07;
2780 : 00040501;
2781 : 02FB0201;
2782 : 1117080A;
2783 : 1400F8FE;
2784 : F60602FE;
2785 : EBF1F6ED;
2786 : 0707FF05;
2787 : FF010207;
2788 : 0903FB00;
2789 : 231A100F;
278A : 162E171D;
278B : 081516F7;
278C : E6E30509;
278D : 0AFF0300;
278E : 0102FF00;
278F : FF01FFFD;
2790 : 17130E01;
2791 : 0E23191C;
2792 : 03FA1B18;
2793 : 1F0F0607;
2794 : 01FE0B16;
2795 : 030000FE;
2796 : 020103FD;
2797 : 060702FF;
2798 : 17130006;
2799 : 0A161911;
279A : 07101B10;
279B : FF000A0A;
279C : 07FEFDFE;
279D : FC0000FB;
279E : 00FEFF04;
279F : 03FC0001;
27A0 : FF060501;
27A1 : FCFF05FF;
27A2 : FEFDFFFD;
27A3 : 02FD0401;
27A4 : 0404FF01;
27A5 : 04FDFC02;
27A6 : 03050100;
27A7 : 00030301;
27A8 : 00FD05FC;
27A9 : FE030302;
27AA : FDFB0000;
27AB : FF00FEFD;
27AC : FEFEFDFF;
27AD : FEFD0200;
27AE : 0804FE00;
27AF : 04050300;
27B0 : FF0101FC;
27B1 : FCFCFF01;
27B2 : 02FD01FA;
27B3 : FC0601FE;
27B4 : 00030202;
27B5 : 130B0400;
27B6 : 02FD0616;
27B7 : 01FFFF02;
27B8 : FE02FF03;
27B9 : 0005FE03;
27BA : FFFDFFFF;
27BB : 0906FC08;
27BC : 12070C12;
27BD : 090AFD0B;
27BE : 0102FB04;
27BF : 01FCFF00;
27C0 : FE06FF03;
27C1 : 060A0702;
27C2 : 17171B1C;
27C3 : 14141A1E;
27C4 : 02FFF117;
27C5 : F7000108;
27C6 : 01FEFAFD;
27C7 : 07FE0308;
27C8 : 140C0A06;
27C9 : 0A0F0203;
27CA : 15EBFAFF;
27CB : 10F9F906;
27CC : FC071518;
27CD : 00030307;
27CE : 01010200;
27CF : 0409FFFD;
27D0 : 0B05F4EF;
27D1 : FF040103;
27D2 : F10503FC;
27D3 : FDEFFCFA;
27D4 : 01FBFD01;
27D5 : F9F7FF02;
27D6 : F5FE0004;
27D7 : EDEEFDFF;
27D8 : 102009FF;
27D9 : EFF6F104;
27DA : F4E8F4EB;
27DB : FAFD03FD;
27DC : FAFD0004;
27DD : FAFFFDFD;
27DE : EF12FDFB;
27DF : FE110F0A;
27E0 : 0E05FF01;
27E1 : F1FEFA04;
27E2 : 000004F9;
27E3 : 02FFFD02;
27E4 : 03FE0302;
27E5 : 09130A0A;
27E6 : 05FAF3F0;
27E7 : 1DFD0801;
27E8 : F3F2FB09;
27E9 : FFFF04F6;
27EA : 06FE0001;
27EB : 06F5F301;
27EC : 0622FC0E;
27ED : 0108FCF7;
27EE : 090F080E;
27EF : F3EDEFF9;
27F0 : 01FC00F5;
27F1 : 03FFFEFF;
27F2 : E9DEEE0E;
27F3 : FCFEEEF8;
27F4 : 130D0402;
27F5 : F22C1015;
27F6 : ECE4D9F1;
27F7 : 0101FDF3;
27F8 : FFFDFEFF;
27F9 : E6E0EC03;
27FA : 2609FAF4;
27FB : 1B200E1E;
27FC : E6000606;
27FD : ECE2D3D3;
27FE : FFFE03F3;
27FF : 03FF0101;
2800 : F7F3EBFA;
2801 : 03DEECF7;
2802 : 1A1F060E;
2803 : DCF7010D;
2804 : EFE1DCE0;
2805 : FDFFFEF1;
2806 : 0201FDFC;
2807 : 00F5ECF4;
2808 : F0E7FA04;
2809 : 111401F5;
280A : E3EBF909;
280B : EDE9F8E1;
280C : FF00FFF7;
280D : 02FFFF00;
280E : FDF9E7F8;
280F : 03FE0703;
2810 : 001A19EF;
2811 : EBD3E308;
2812 : F3EFF7E9;
2813 : FE030902;
2814 : 0303FF01;
2815 : EF01F8FD;
2816 : F6FDF6E7;
2817 : EE0A15F5;
2818 : EDF2DFF0;
2819 : FF0304E9;
281A : 0303040C;
281B : 0902FEF9;
281C : F601FD00;
281D : E7F1F0F4;
281E : E705F9F6;
281F : F0EADBDA;
2820 : 010FFBEF;
2821 : 0006080E;
2822 : 0B06FDFD;
2823 : F4FA0C03;
2824 : D4EDF8F2;
2825 : ECF6FCD1;
2826 : 0BF3F8FC;
2827 : 0101F315;
2828 : 01FF0908;
2829 : 09FEFF01;
282A : 08FA06FC;
282B : D5EB07FB;
282C : 020401D1;
282D : 0905FB1C;
282E : 0F01F2FA;
282F : 02050A01;
2830 : 0600FD00;
2831 : 0E00FDFF;
2832 : 07040406;
2833 : 04080EFA;
2834 : FD100527;
2835 : 0E080E0A;
2836 : 02030509;
2837 : 09FF0003;
2838 : 0E060B0D;
2839 : F80B0404;
283A : FBFF05F6;
283B : 0A0A05FF;
283C : 08010709;
283D : 03000204;
283E : 0100FD01;
283F : 0E0C0F0C;
2840 : FCF6F508;
2841 : 070AFCF2;
2842 : 060CFEEE;
2843 : 00070B1B;
2844 : FDFFFB01;
2845 : 08000201;
2846 : 0400FF00;
2847 : 03FAFBFE;
2848 : 2A010509;
2849 : 11151F1B;
284A : 0102030C;
284B : FB020007;
284C : FEFFFF02;
284D : F9FDF3FE;
284E : EDF7FDFA;
284F : 09EFF0FC;
2850 : F908FAF9;
2851 : FFFB01F8;
2852 : FFFDFEF9;
2853 : FE01FE02;
2854 : F9FCF9F6;
2855 : E0EBFD01;
2856 : FD000002;
2857 : 00010700;
2858 : 01FE01FD;
2859 : 01FD00FE;
285A : FF01F903;
285B : 04FDFE00;
285C : F8FEFCFF;
285D : 0B02FCFE;
285E : FD050909;
285F : 01FE00FF;
2860 : 05FDFCFD;
2861 : 01FDFFFE;
2862 : FBFEFCFC;
2863 : 010003FC;
2864 : 02FD00FF;
2865 : FBFEFD01;
2866 : 03FDFD02;
2867 : 0102FD02;
2868 : FF01FE02;
2869 : FFFDFC05;
286A : 0003FFFE;
286B : 06FD0501;
286C : 0302FEFD;
286D : 02F80500;
286E : 02030503;
286F : 00FEFE04;
2870 : 00FFFBFF;
2871 : FFFE0200;
2872 : 02F9FEFD;
2873 : 010000FE;
2874 : FDFC0500;
2875 : 00FF00FF;
2876 : FE0207FD;
2877 : FFFD00FF;
2878 : FAFB00F8;
2879 : FBFCF2FA;
287A : 000100FF;
287B : 01FDFC02;
287C : FFFE0001;
287D : 000300FC;
287E : FDFC0001;
287F : EFF5EBEF;
2880 : 02F4EDF3;
2881 : 09FE0403;
2882 : FE060006;
2883 : 0000FF02;
2884 : FB02FFFA;
2885 : F7F7FF01;
2886 : F0E4E2EF;
2887 : F0E8EFED;
2888 : 0A0902F8;
2889 : 08121209;
288A : FB010111;
288B : FE000201;
288C : F6FD01FF;
288D : EFEEE6EE;
288E : D8E7E9F2;
288F : F80B0FFB;
2890 : 0BFAF0F6;
2891 : FE020610;
2892 : FD01FB00;
2893 : FD070C04;
2894 : F2ED0503;
2895 : E4D9E9F2;
2896 : F5090C06;
2897 : 18FDECFE;
2898 : 04060610;
2899 : 01FCFF00;
289A : 030D11FC;
289B : FB020910;
289C : 08DEEE09;
289D : F610171D;
289E : 120B06F4;
289F : FF090C0C;
28A0 : FD00FD00;
28A1 : 0A151305;
28A2 : 02070D12;
28A3 : F8F5FAFC;
28A4 : E506010D;
28A5 : F8FF17F1;
28A6 : 01071A25;
28A7 : FBF9FD05;
28A8 : 0D0D0B02;
28A9 : FEFA0E1D;
28AA : FFF0DCF1;
28AB : DE021B27;
28AC : FFF80FFB;
28AD : 01061319;
28AE : FEFFFD01;
28AF : 1B040C01;
28B0 : E60B1B0F;
28B1 : 06D8C6E1;
28B2 : F5F10414;
28B3 : F10205E8;
28B4 : FF020400;
28B5 : FB0502FF;
28B6 : 171C11FE;
28B7 : 04202913;
28B8 : FEEECCDF;
28B9 : E6EEFC08;
28BA : F1FD08F6;
28BB : 030502F0;
28BC : 02050503;
28BD : 161316F8;
28BE : 0F312820;
28BF : F2E5EDDE;
28C0 : FEE70700;
28C1 : FD050A0B;
28C2 : FD01FFFA;
28C3 : FDFE0304;
28C4 : 140C120C;
28C5 : 142A0F1C;
28C6 : F7ECF0EB;
28C7 : 06F50305;
28C8 : FF0F0C0A;
28C9 : FEFBFCF9;
28CA : 08020103;
28CB : 1415110F;
28CC : 191C1400;
28CD : EEEEE8F9;
28CE : 10040102;
28CF : 07060003;
28D0 : 07FFF5F6;
28D1 : 08040602;
28D2 : 07120214;
28D3 : 1D230F04;
28D4 : DFEEF807;
28D5 : 0BF0F7FA;
28D6 : F80F05F6;
28D7 : 0001F8F0;
28D8 : 0C02FFFD;
28D9 : FE07F302;
28DA : 0501000B;
28DB : 09F7030B;
28DC : 02FA0113;
28DD : FEFF0706;
28DE : 04FAFEFD;
28DF : 01050304;
28E0 : FEF9FF00;
28E1 : E6F3090A;
28E2 : FEDBF1E9;
28E3 : F30B140D;
28E4 : FAF0F908;
28E5 : 0301F8F8;
28E6 : FB05FCFE;
28E7 : F3F20300;
28E8 : F9EC040A;
28E9 : F2FCF1F2;
28EA : FBFE05FF;
28EB : F5DCEDFC;
28EC : 0000F5F9;
28ED : F90203FC;
28EE : E6F6FCFA;
28EF : 010F0D02;
28F0 : 000EF6EB;
28F1 : FB07EDEF;
28F2 : FAD9EFFA;
28F3 : FFFEFF06;
28F4 : FBFF00FD;
28F5 : EDFF08F2;
28F6 : 0EF2F0E1;
28F7 : FDFFFC00;
28F8 : 05150701;
28F9 : 02EAF8FA;
28FA : FF000100;
28FB : FCFC0302;
28FC : F7F806F6;
28FD : F4FBF3F3;
28FE : F1E6F7F8;
28FF : FD00F3ED;
2900 : 0D03F8F9;
2901 : 0101FC0D;
2902 : FCFEFE04;
2903 : F3F0FB03;
2904 : F3090F0A;
2905 : FFFE05FB;
2906 : 0500F105;
2907 : 120B0C0E;
2908 : FF010011;
2909 : 04FC0001;
290A : F6F7FE04;
290B : 030F1D08;
290C : 0003F7FD;
290D : F7FEF90B;
290E : 05031A1A;
290F : 01FE0209;
2910 : 03030202;
2911 : 0701FCFF;
2912 : FFFC0900;
2913 : 0E0709F8;
2914 : 02FAFE0D;
2915 : 00FF100B;
2916 : 03FF03FE;
2917 : FFFFFF01;
2918 : 0204F703;
2919 : E2F0FB01;
291A : FA0A09EE;
291B : F8030503;
291C : FEFF0602;
291D : FF0203FF;
291E : FFFE01FF;
291F : 0102FD02;
2920 : FC000305;
2921 : FEFFFFFC;
2922 : FA01FFFE;
2923 : 020001FC;
2924 : FEFCFF00;
2925 : 01000106;
2926 : FFFC01FF;
2927 : 03FD0102;
2928 : FF010101;
2929 : 0100FD03;
292A : FCFD01FE;
292B : FD0205FF;
292C : 00FD0501;
292D : FF0100FF;
292E : 02020100;
292F : 02040101;
2930 : 03FFFEFF;
2931 : 00000002;
2932 : FBFFFDFE;
2933 : 0000FFFF;
2934 : FEFE0201;
2935 : 0202FE00;
2936 : 02FE02FC;
2937 : FC030200;
2938 : 020102FE;
2939 : 000404FF;
293A : 00FE0003;
293B : FF000200;
293C : 00FFFE01;
293D : FCFAFFFE;
293E : FC00F8F9;
293F : FB00FFFF;
2940 : 02FF01FD;
2941 : FCFF03FE;
2942 : FC00FC02;
2943 : 02FCFCFF;
2944 : F1EFF0FA;
2945 : FCF5EEE6;
2946 : FCFCF101;
2947 : 01FEFFFF;
2948 : 00000100;
2949 : 00000000;
294A : F9FE01FD;
294B : 04F3EFF7;
294C : 08FE0008;
294D : FBF5F80E;
294E : FFF9F8F8;
294F : FAFCFF03;
2950 : FAFFFFFC;
2951 : F6FD03FA;
2952 : 0BECEBF0;
2953 : FBEEF3FF;
2954 : FA0810F8;
2955 : FCF4ECF6;
2956 : 0502FD02;
2957 : FD01FFFC;
2958 : EDFAFCF6;
2959 : E7E1D3DF;
295A : 010D02FF;
295B : 02FAFC05;
295C : F8F6F3F8;
295D : 01FD03FC;
295E : FEFCFAFF;
295F : EF0100F4;
2960 : FBF8E3E2;
2961 : FDF4100B;
2962 : 04040401;
2963 : FCFDF5F2;
2964 : 0202FAFF;
2965 : F7F7FC02;
2966 : F60002FD;
2967 : 03FFEADD;
2968 : F6E6050A;
2969 : 0003F8FC;
296A : FE02F7FD;
296B : 0102FBFF;
296C : FAFAFFFD;
296D : EA0002FD;
296E : 0EE9EFE3;
296F : F5041036;
2970 : FE04F4EC;
2971 : 0202040A;
2972 : FEFDFEFF;
2973 : FBFDFDFD;
2974 : E9FEFBFE;
2975 : 27F1E9EC;
2976 : 1219122C;
2977 : 0D01070A;
2978 : FA03181A;
2979 : 000002FD;
297A : FAFFF8FE;
297B : EBF1FAFC;
297C : 2AFCECEC;
297D : 0D18121D;
297E : 1000040E;
297F : FFFF0618;
2980 : 01FC0301;
2981 : F8F4FBFD;
2982 : E7EDECEF;
2983 : 0F12FAFD;
2984 : F5F40409;
2985 : 03FF01F1;
2986 : FE040600;
2987 : FCFD00FF;
2988 : FCF4FD02;
2989 : FC05FFF7;
298A : F50E100C;
298B : EBECFAF7;
298C : F8F6F6ED;
298D : FBFF04F9;
298E : 00FD0501;
298F : FAEDFDFC;
2990 : 07061311;
2991 : F8F9FEFF;
2992 : E1E6ED14;
2993 : FBFAF7F0;
2994 : FFFFFFFE;
2995 : 010201FF;
2996 : 05F3F8FE;
2997 : F6FD0C11;
2998 : F3EAF7F7;
2999 : DCE1EC06;
299A : FBF9F9E8;
299B : 0403FBFB;
299C : 0200FFFE;
299D : FE0004FF;
299E : FDF0FCF7;
299F : FCF30109;
29A0 : EAE1E5FA;
29A1 : 010201F5;
29A2 : 01FC0304;
29A3 : 0206FFFE;
29A4 : F90807FD;
29A5 : 1A0BFAF0;
29A6 : F3FF0416;
29A7 : F8F1F2FB;
29A8 : 0A0A0BF9;
29A9 : FD020507;
29AA : FAFAFEFD;
29AB : F6F7F301;
29AC : 22180005;
29AD : F8F50F12;
29AE : F9EDECE9;
29AF : 0401FE02;
29B0 : FD040906;
29B1 : 00000102;
29B2 : 0FF9ECF6;
29B3 : 211607FD;
29B4 : EBE2FA0E;
29B5 : F5F7E6E3;
29B6 : 09F5F3EF;
29B7 : FD020A08;
29B8 : 00030202;
29B9 : F809FF00;
29BA : 0E09F3F4;
29BB : E1ECF10B;
29BC : FDF0E8EE;
29BD : FBF9F7FA;
29BE : 02010308;
29BF : FAFF00FF;
29C0 : FBFD0701;
29C1 : ECFCF8F5;
29C2 : E3F3E3FA;
29C3 : F8F5EEE2;
29C4 : 07000200;
29C5 : FF010103;
29C6 : 03060001;
29C7 : F6FF08FE;
29C8 : EAE8FE00;
29C9 : F0020FF2;
29CA : 02F8F1F7;
29CB : 07FE0503;
29CC : 05030708;
29CD : 01FE0101;
29CE : F8FB01F8;
29CF : FE01060B;
29D0 : FD000B0F;
29D1 : FAF6F7F9;
29D2 : 06FCFAF8;
29D3 : FB060402;
29D4 : 0001FCFD;
29D5 : EEECF1F6;
29D6 : E7EB08FF;
29D7 : 0504F9F8;
29D8 : FDFAFBFC;
29D9 : 01FF00FA;
29DA : 01040001;
29DB : 02010702;
29DC : F9F4FDFE;
29DD : F9F60F0C;
29DE : FDFC05FE;
29DF : FE01FEFD;
29E0 : 0B0100FA;
29E1 : FD01FFFD;
29E2 : 0002FFFF;
29E3 : 04FF0003;
29E4 : FBFEFFFD;
29E5 : 02FFFEFF;
29E6 : 02FF00FC;
29E7 : FCFFFDFE;
29E8 : 00030300;
29E9 : 0203FDFD;
29EA : FEFDFFFF;
29EB : 01FF06FD;
29EC : FDFF03FA;
29ED : FE0001FE;
29EE : 00FEFFFE;
29EF : FFF80000;
29F0 : FBFFFC01;
29F1 : 0305FEFE;
29F2 : 00FFFFFF;
29F3 : 00FA0506;
29F4 : 00FD03FB;
29F5 : 000000FD;
29F6 : 03FFFE01;
29F7 : FD01FCFF;
29F8 : 000405FE;
29F9 : FCF805FD;
29FA : FBF700FE;
29FB : 09FC04FE;
29FC : 0001FF04;
29FD : 0203FD01;
29FE : FEFD0401;
29FF : 04FD0004;
2A00 : 020305FD;
2A01 : FBFBF804;
2A02 : F7FCFCFA;
2A03 : FC01FCF7;
2A04 : 00FDFF03;
2A05 : 020602FB;
2A06 : 05FFFE00;
2A07 : 0C030408;
2A08 : FC030805;
2A09 : F5F8FFFD;
2A0A : FCFAF8F7;
2A0B : 0004FE01;
2A0C : 000203FB;
2A0D : 01FF0201;
2A0E : 0FFEFF01;
2A0F : F805070D;
2A10 : 0A09FEFB;
2A11 : F508050D;
2A12 : FCFEFAF7;
2A13 : FCFE02FE;
2A14 : 0E0A0700;
2A15 : F7FB0608;
2A16 : F8F8FFF3;
2A17 : EEF4EE0C;
2A18 : EFFDF8EF;
2A19 : 02FEF9F6;
2A1A : 02FF0300;
2A1B : 11140D04;
2A1C : 04311902;
2A1D : 08FBFFFB;
2A1E : 13F3F30E;
2A1F : ECFCF804;
2A20 : 02FFF9F0;
2A21 : 070607FC;
2A22 : 2210FF0A;
2A23 : 08142101;
2A24 : FA091E05;
2A25 : 09FB1E04;
2A26 : F6010006;
2A27 : FD04F6FB;
2A28 : 0BFF0200;
2A29 : 03F1FC04;
2A2A : 1911FC02;
2A2B : 0A281410;
2A2C : 03010FF5;
2A2D : 0811F206;
2A2E : FE02FAEF;
2A2F : FEFF0201;
2A30 : FDF90300;
2A31 : 1005191A;
2A32 : 01EDEB1C;
2A33 : 02FE08F8;
2A34 : 0519F6FE;
2A35 : FFFAF7F1;
2A36 : FCF90500;
2A37 : 03F9FDFC;
2A38 : EE0F081A;
2A39 : E3B8D4E1;
2A3A : FE060301;
2A3B : EB01F4FC;
2A3C : 01FE01F9;
2A3D : FFF30103;
2A3E : EFF0EEEC;
2A3F : BAC8D0E7;
2A40 : 00D4B28B;
2A41 : FBF6FAF7;
2A42 : FDFCEDFB;
2A43 : FB000901;
2A44 : FAF20102;
2A45 : BDD4DEE4;
2A46 : AC9781A5;
2A47 : 1AFF01DB;
2A48 : F306F707;
2A49 : 0700F6FB;
2A4A : FF000803;
2A4B : F700FFFE;
2A4C : ABBCC1DA;
2A4D : 0AF4B89D;
2A4E : 0709080E;
2A4F : EDF10005;
2A50 : FFF609F6;
2A51 : 02010808;
2A52 : F3FFFD04;
2A53 : D9D0CCE0;
2A54 : 122117EC;
2A55 : 03070E07;
2A56 : F90D080D;
2A57 : FDFE04F8;
2A58 : FC050909;
2A59 : F8FD02FF;
2A5A : 07FCEBE5;
2A5B : 000C190A;
2A5C : 10081FFA;
2A5D : EE0AFEFC;
2A5E : 120F18F8;
2A5F : 00FB0518;
2A60 : 040204FE;
2A61 : 040AFDF7;
2A62 : FE0405F9;
2A63 : FC0C170E;
2A64 : 1407FAF9;
2A65 : 050E1B13;
2A66 : 00FC050E;
2A67 : 0904FDFE;
2A68 : F6FF0D0A;
2A69 : 050913F7;
2A6A : 091E0217;
2A6B : FF0503FC;
2A6C : F1F5F8FA;
2A6D : 01030A04;
2A6E : 0A0102FC;
2A6F : 11FB0D1A;
2A70 : F9FE090C;
2A71 : 040A0B0A;
2A72 : 12011F0E;
2A73 : F6F7E9FD;
2A74 : 010307FE;
2A75 : 130001FF;
2A76 : 07030A1B;
2A77 : FC060AFF;
2A78 : 090010F4;
2A79 : 03EB06FF;
2A7A : F7EEF7F4;
2A7B : 05FF0101;
2A7C : 130301FE;
2A7D : 0A0C0C12;
2A7E : FAFE0606;
2A7F : 020FFEE9;
2A80 : 09EAEEFA;
2A81 : 00F301FA;
2A82 : FE02FEFB;
2A83 : 0C06FC02;
2A84 : F4FB0805;
2A85 : EF10F5F5;
2A86 : FE02050A;
2A87 : 0B01FBF9;
2A88 : 0A050BF6;
2A89 : FE00FBFD;
2A8A : 0304FEFB;
2A8B : FDF21B0B;
2A8C : F000F1FB;
2A8D : 020802F3;
2A8E : 14040D0E;
2A8F : 020E0502;
2A90 : FC02F504;
2A91 : FA000302;
2A92 : 21161209;
2A93 : FAE507F8;
2A94 : 05F701FF;
2A95 : 01FBF900;
2A96 : FEFB0002;
2A97 : 01FEFD00;
2A98 : FDFD02FE;
2A99 : 05051409;
2A9A : 00040F07;
2A9B : FEF3FA04;
2A9C : EAD909F6;
2A9D : F5F4F4F8;
2A9E : 01020205;
2A9F : 0401FD01;
2AA0 : 0D08F903;
2AA1 : 11FC1516;
2AA2 : 11FBF512;
2AA3 : F2F1FF02;
2AA4 : 02FAECF7;
2AA5 : 0300FAFE;
2AA6 : 00020003;
2AA7 : FCE7E200;
2AA8 : FAFDFEFF;
2AA9 : 0003FD08;
2AAA : 020300F7;
2AAB : 01F8FAFB;
2AAC : FF040103;
2AAD : FFFFFF00;
2AAE : FF000503;
2AAF : 00040304;
2AB0 : 000503FE;
2AB1 : 00040404;
2AB2 : 03FF0303;
2AB3 : 02F8FEFF;
2AB4 : 02FE0301;
2AB5 : FCFFFF01;
2AB6 : FCFBFFFF;
2AB7 : FC0105FF;
2AB8 : 000202FE;
2AB9 : 0403FE00;
2ABA : 020100FF;
2ABB : FD010304;
2ABC : 02FFFEFE;
2ABD : 0601FFFE;
2ABE : 01020406;
2ABF : 02020101;
2AC0 : 01FF0401;
2AC1 : 00FE01FD;
2AC2 : 01020200;
2AC3 : FE05FE02;
2AC4 : 07000002;
2AC5 : 06110E07;
2AC6 : 04080707;
2AC7 : FD0502FF;
2AC8 : FCFD0200;
2AC9 : 01FBFEFD;
2ACA : FDFEFBFE;
2ACB : 0C0B0C00;
2ACC : 0E17130E;
2ACD : F7F5F900;
2ACE : 0000FFF9;
2ACF : 00FBFEFD;
2AD0 : FE00FE02;
2AD1 : F7F7FBFC;
2AD2 : 0FFCFEF7;
2AD3 : 03150A0E;
2AD4 : FBFF0201;
2AD5 : 00FA0503;
2AD6 : 03010706;
2AD7 : 03FBFBFF;
2AD8 : F9F0EDFB;
2AD9 : 060B1708;
2ADA : FC12EF0B;
2ADB : F8FD0600;
2ADC : 01F6F2EE;
2ADD : 0205070B;
2ADE : FAFFFCFF;
2ADF : F7F0F4F5;
2AE0 : 17EB090C;
2AE1 : F6FBF31E;
2AE2 : ECE4FBE0;
2AE3 : 0C02DFD2;
2AE4 : 08010501;
2AE5 : F4FEFB01;
2AE6 : F4EA01FE;
2AE7 : E6FE0B0D;
2AE8 : FCF5EFF2;
2AE9 : E2F7F5E9;
2AEA : FD04F8D7;
2AEB : 02090500;
2AEC : 00040200;
2AED : F8020206;
2AEE : F10018FD;
2AEF : F8EADCE4;
2AF0 : DFDFEEE1;
2AF1 : F7FC05F7;
2AF2 : FF000D07;
2AF3 : 0402FF00;
2AF4 : F806F400;
2AF5 : 0B132412;
2AF6 : E9D5CAD8;
2AF7 : 0AEBE8F6;
2AF8 : 13040C12;
2AF9 : 01051218;
2AFA : 00000201;
2AFB : 0105F202;
2AFC : 121E1B0D;
2AFD : 12D6D200;
2AFE : 1804FA0A;
2AFF : 1313091B;
2B00 : FEFE0620;
2B01 : F70803FF;
2B02 : 1202F5F7;
2B03 : 421E2A08;
2B04 : 0B06EA34;
2B05 : 18060605;
2B06 : 161C1902;
2B07 : 00000219;
2B08 : FF08FF02;
2B09 : 05F5EAF0;
2B0A : 22150707;
2B0B : 0502F520;
2B0C : F9F5FFED;
2B0D : 1A0914F8;
2B0E : 0200FC18;
2B0F : FF000001;
2B10 : FAF400F4;
2B11 : 20181809;
2B12 : FDFDF917;
2B13 : 0606EAEC;
2B14 : 0A020202;
2B15 : FBFCFB0B;
2B16 : FE04FE01;
2B17 : 0BFB00F3;
2B18 : 19050409;
2B19 : 1807F40C;
2B1A : FF0A0A11;
2B1B : FB0A0F07;
2B1C : 03FBF6F2;
2B1D : FD01FF02;
2B1E : 0E01F6FE;
2B1F : 0D06030C;
2B20 : FE08FAF9;
2B21 : E7F1FCF9;
2B22 : F3E5F6F1;
2B23 : FDFDFCE7;
2B24 : FA0203FE;
2B25 : 02F901FF;
2B26 : 0507FA09;
2B27 : FDF00D0A;
2B28 : F4EEF20C;
2B29 : FFE6EAF6;
2B2A : 03F601F5;
2B2B : FF01FE01;
2B2C : F4F4F700;
2B2D : 05FAF4F9;
2B2E : E9F20D03;
2B2F : 0101FC07;
2B30 : 0EF5F110;
2B31 : FEFD0307;
2B32 : FC000303;
2B33 : E5F2F0FD;
2B34 : 0905F9F4;
2B35 : ECFE251B;
2B36 : 00FCFFFB;
2B37 : 01F0EAF8;
2B38 : 0000FAFA;
2B39 : 02FAFE00;
2B3A : EEFCF0FB;
2B3B : 0800FA08;
2B3C : FB100E14;
2B3D : F2EBF1E2;
2B3E : 0403F9F4;
2B3F : 02FEF9FA;
2B40 : FCF90202;
2B41 : F8F0E6EE;
2B42 : F9F70BFC;
2B43 : 0908FE1D;
2B44 : F6F701F6;
2B45 : F80501F0;
2B46 : 050002FD;
2B47 : 0202FDFB;
2B48 : FCEDEFF7;
2B49 : 00FD0B02;
2B4A : 04150D03;
2B4B : FE0407F3;
2B4C : FC1107FD;
2B4D : 01FF0503;
2B4E : 00FE00FE;
2B4F : F6E5F601;
2B50 : 0509F801;
2B51 : 06010500;
2B52 : 0C041513;
2B53 : FAF800F0;
2B54 : FD0302FE;
2B55 : 050305FE;
2B56 : F5F5FC03;
2B57 : 08F20004;
2B58 : 06100509;
2B59 : ECF90712;
2B5A : 00FAF4E8;
2B5B : 030503FC;
2B5C : FEFD00FC;
2B5D : F2FCFC01;
2B5E : 0C020DF3;
2B5F : F5000D16;
2B60 : F8F2EB01;
2B61 : FF02F5ED;
2B62 : FF010200;
2B63 : FE000102;
2B64 : F0F5FCFD;
2B65 : FDF6F0F0;
2B66 : FFF901F5;
2B67 : FD03FCFF;
2B68 : 060103F6;
2B69 : FF010007;
2B6A : 02FCFFFC;
2B6B : F8F900FF;
2B6C : F6EFF5F8;
2B6D : ECE8EFFF;
2B6E : F9FDFAFA;
2B6F : 02060000;
2B70 : FD030200;
2B71 : FF0101FE;
2B72 : FB000201;
2B73 : FAFCFEF7;
2B74 : FDF800FD;
2B75 : 00FF00FF;
2B76 : 010203FE;
2B77 : FBFF0301;
2B78 : 01FF04FD;
2B79 : 03000301;
2B7A : 00FFFF03;
2B7B : 040000FF;
2B7C : 05040201;
2B7D : FE0404FF;
2B7E : 00F901FC;
2B7F : 00FE01FF;
2B80 : 0001FDFF;
2B81 : F900FD02;
2B82 : 0104FFFE;
2B83 : 00FFFE05;
2B84 : 0100FE04;
2B85 : FF00FD00;
2B86 : 020101FD;
2B87 : 0002FEFE;
2B88 : FC00FCFD;
2B89 : 04010303;
2B8A : FFF8FA04;
2B8B : FFFE0002;
2B8C : FBFCFC00;
2B8D : FF010103;
2B8E : FE01FF01;
2B8F : 0100F9FB;
2B90 : EFFCF9FA;
2B91 : FEE8F1EE;
2B92 : 0604020D;
2B93 : 0001FF07;
2B94 : FEFB0100;
2B95 : 03050201;
2B96 : FF04FC07;
2B97 : DBEFFF02;
2B98 : FFE8DAE4;
2B99 : 1110160E;
2B9A : FEFD000D;
2B9B : 01000202;
2B9C : 0B0D0801;
2B9D : 01171509;
2B9E : B9D3F306;
2B9F : 1809E1C6;
2BA0 : 1F10121D;
2BA1 : 0105020D;
2BA2 : 07FF0100;
2BA3 : 08040A04;
2BA4 : F905190E;
2BA5 : B9F70111;
2BA6 : 1EF9F7BB;
2BA7 : 160A091B;
2BA8 : 01FCFFF6;
2BA9 : 0B07FCFC;
2BAA : FD050203;
2BAB : 0AF1FBF9;
2BAC : BBE60514;
2BAD : 2D0CFBBE;
2BAE : 1E0B0817;
2BAF : FEF6FC07;
2BB0 : 0209FE01;
2BB1 : 0D010802;
2BB2 : 090CFCF4;
2BB3 : B5DC0216;
2BB4 : 09170ADD;
2BB5 : 0901050B;
2BB6 : 02F900F9;
2BB7 : 0A0204FC;
2BB8 : F500040F;
2BB9 : 10FB0E08;
2BBA : A8E5121B;
2BBB : 172017F2;
2BBC : F5081014;
2BBD : 02FFF8EC;
2BBE : 0407FC03;
2BBF : ECE00304;
2BC0 : 1700050D;
2BC1 : B8CFF80F;
2BC2 : 19252CF6;
2BC3 : E5FA0802;
2BC4 : 03FEF5EF;
2BC5 : 0306FA01;
2BC6 : F9F0F7F1;
2BC7 : EFF5E3F9;
2BC8 : D2E7F70D;
2BC9 : 08171700;
2BCA : E6EDFDFC;
2BCB : FFFCFDED;
2BCC : 03080001;
2BCD : 04F4F4F6;
2BCE : FFF0ECFE;
2BCF : E8E11A20;
2BD0 : 01282B01;
2BD1 : EEFCF60B;
2BD2 : FB00FF02;
2BD3 : FF00FDFF;
2BD4 : FAF8FB09;
2BD5 : 03F5FF06;
2BD6 : F3E2ED0F;
2BD7 : F10E15F4;
2BD8 : F8FFFFF7;
2BD9 : FBFEFD00;
2BDA : 0400FFFE;
2BDB : F9ED0D07;
2BDC : 0709FE01;
2BDD : F308E5FE;
2BDE : 19F8110A;
2BDF : 00061106;
2BE0 : FDFAFCF0;
2BE1 : 040302FB;
2BE2 : F6F0FA04;
2BE3 : 0107FE01;
2BE4 : F70A07EC;
2BE5 : 15151BFD;
2BE6 : F80C0F02;
2BE7 : FEF9F7EB;
2BE8 : 0402FE03;
2BE9 : 06FAF3FE;
2BEA : EDFBF401;
2BEB : 1305F4ED;
2BEC : 181806F8;
2BED : F90A1609;
2BEE : 02F4F7FB;
2BEF : F603FE04;
2BF0 : 08FFFD09;
2BF1 : 0D0EEEFA;
2BF2 : 100FE9F2;
2BF3 : 11200BF9;
2BF4 : FB011306;
2BF5 : 00FBFC00;
2BF6 : F9FDFF02;
2BF7 : 0C00F904;
2BF8 : FEF9FC06;
2BF9 : 07040112;
2BFA : 030C2014;
2BFB : F8F70503;
2BFC : FDFFFFFA;
2BFD : 0902FCFD;
2BFE : F5F6F5FE;
2BFF : FDFC05F8;
2C00 : 041BFDF3;
2C01 : F6EBF200;
2C02 : EDEF00FC;
2C03 : FAFBFFFA;
2C04 : 04020203;
2C05 : F2F4E900;
2C06 : E3EDE5F6;
2C07 : FCF4FF00;
2C08 : 0701F7FF;
2C09 : FDF60309;
2C0A : 02FFFBF7;
2C0B : 02FFFBFF;
2C0C : F4F3FF07;
2C0D : F8F6ECF8;
2C0E : 0CF7FAEF;
2C0F : 01F3FD03;
2C10 : FEFC0211;
2C11 : FB06FF04;
2C12 : FC020603;
2C13 : FC070F09;
2C14 : 1001FDF3;
2C15 : 0DEE05F4;
2C16 : 11F6EBF7;
2C17 : 02FB0108;
2C18 : FFFE0404;
2C19 : 04FE0502;
2C1A : 0E0F02FC;
2C1B : FAFDFEFE;
2C1C : 13FEFDEC;
2C1D : FCF7EBFF;
2C1E : F6F201F3;
2C1F : FF00FEFA;
2C20 : 0203FF01;
2C21 : 0C00FE04;
2C22 : 1609FAFE;
2C23 : F7FD0B13;
2C24 : E8F4FB12;
2C25 : F6EFF5F6;
2C26 : FF0100FB;
2C27 : FC02FF00;
2C28 : FFFB0403;
2C29 : 02020006;
2C2A : FBFEFE08;
2C2B : E4F90211;
2C2C : FAF3F8E6;
2C2D : 00FA03FA;
2C2E : 0003FBFD;
2C2F : 00FF00FF;
2C30 : ECEEFCFB;
2C31 : F7F6F5FA;
2C32 : EFFEF8FB;
2C33 : 03FFFCF3;
2C34 : 01FF01FC;
2C35 : 000502FD;
2C36 : FDFEFDFE;
2C37 : FFFEFDF8;
2C38 : 02FF0305;
2C39 : FF0204FC;
2C3A : FFFC02FF;
2C3B : 0002FE03;
2C3C : FE000000;
2C3D : 01FA04FF;
2C3E : FF03FC03;
2C3F : 0205FC00;
2C40 : 03010203;
2C41 : 0202FFFE;
2C42 : 05FD0000;
2C43 : FF030000;
2C44 : 0001FA02;
2C45 : FF030401;
2C46 : 00FFFFFE;
2C47 : FC01FD01;
2C48 : 02FDFE02;
2C49 : FE01FF02;
2C4A : 02000303;
2C4B : 00FFFF01;
2C4C : 00FDF301;
2C4D : FCFD00FC;
2C4E : 04FFFCFE;
2C4F : 00FD01FB;
2C50 : 020002FD;
2C51 : FB000201;
2C52 : FFFBFAFD;
2C53 : F9FBFDF6;
2C54 : FBFBFCFD;
2C55 : FDFBFCFA;
2C56 : FF01FDFE;
2C57 : FF010001;
2C58 : FEFBFF01;
2C59 : F7FBF501;
2C5A : FCF4FCF3;
2C5B : F1F2F9FA;
2C5C : FAFAF3F6;
2C5D : FEFC00FB;
2C5E : 01FFFF02;
2C5F : 06FDFA01;
2C60 : E8EDF6F9;
2C61 : DEDDF4F7;
2C62 : DDD1D4DA;
2C63 : E5E2D7DD;
2C64 : F2EDF0E3;
2C65 : 0301FDF8;
2C66 : 04FC01FD;
2C67 : FBFBF503;
2C68 : ECEDFF07;
2C69 : E2F400E3;
2C6A : D9EAE8E8;
2C6B : E5E8F8DF;
2C6C : 01FEFEF0;
2C6D : 0AFF0003;
2C6E : 0B0FF101;
2C6F : F6030C0B;
2C70 : F3FF0604;
2C71 : FBFCF8EE;
2C72 : F1FCFB01;
2C73 : FEFCF5F0;
2C74 : 0403FE00;
2C75 : 0D170A07;
2C76 : 1A111218;
2C77 : 09030215;
2C78 : 010D1005;
2C79 : 0D030CFD;
2C7A : FFFFF3F6;
2C7B : 0203FD00;
2C7C : 0E16091B;
2C7D : 26200406;
2C7E : 0A322031;
2C7F : 09122001;
2C80 : 081409FA;
2C81 : 07FF060F;
2C82 : 0903FFFF;
2C83 : 051F020D;
2C84 : 2310230B;
2C85 : 14353512;
2C86 : 1D240E22;
2C87 : 0D1B0D12;
2C88 : 060C1715;
2C89 : 0C0700FD;
2C8A : FA04F903;
2C8B : 2EFCFF0F;
2C8C : 2C312F0D;
2C8D : 16110E15;
2C8E : FE19020E;
2C8F : 03020DFC;
2C90 : 0506FE01;
2C91 : 0CECEEFC;
2C92 : FDFAFD0B;
2C93 : 06150BEB;
2C94 : 09090A00;
2C95 : F3F6F1F2;
2C96 : 010C02F0;
2C97 : F90902FA;
2C98 : 04F5F0F0;
2C99 : F102EBF5;
2C9A : EAE9ECE2;
2C9B : F2F20004;
2C9C : F1FF0C08;
2C9D : FEFE09FB;
2C9E : FD0401FD;
2C9F : EDFEEDEE;
2CA0 : F6FDFAEA;
2CA1 : F0E7E905;
2CA2 : 0106F4F3;
2CA3 : 0D00FA11;
2CA4 : FFFF041A;
2CA5 : FDFFFFFF;
2CA6 : FA0F0500;
2CA7 : 07F2EFFF;
2CA8 : FFEEEBFB;
2CA9 : 040410DE;
2CAA : 01FD0E08;
2CAB : 01FAF609;
2CAC : FB01FF01;
2CAD : 02FF0BFF;
2CAE : FBFDF90C;
2CAF : EBD7D6F4;
2CB0 : F9FE02F1;
2CB1 : FA0409FD;
2CB2 : 0106FAFE;
2CB3 : 000101FF;
2CB4 : 080513F2;
2CB5 : 01FBFBFE;
2CB6 : 150EEEFE;
2CB7 : FB0702E5;
2CB8 : 03080D0B;
2CB9 : 0200F704;
2CBA : F9FF02FD;
2CBB : 090406EE;
2CBC : F8010901;
2CBD : F612E8E9;
2CBE : 01F708F7;
2CBF : FF0A07FF;
2CC0 : 00FFF9F9;
2CC1 : F4040703;
2CC2 : 060100F9;
2CC3 : EBE8EBF7;
2CC4 : 0300EAE8;
2CC5 : 04F808F0;
2CC6 : F6FBF5F5;
2CC7 : 0001FBFE;
2CC8 : FBFA0404;
2CC9 : EFF3F0F6;
2CCA : EEEDECF5;
2CCB : ECF5EFF3;
2CCC : F4DFF5E4;
2CCD : 00F0F1E9;
2CCE : 060100FD;
2CCF : F8FFFEFE;
2CD0 : D8EBF3F6;
2CD1 : EDF2E6D0;
2CD2 : DFE0F1FC;
2CD3 : EDE9E4F2;
2CD4 : FCF0F1F0;
2CD5 : 04040306;
2CD6 : F8FF0201;
2CD7 : EEF8F9FE;
2CD8 : E8F50302;
2CD9 : FCF9EAFF;
2CDA : E90104FE;
2CDB : 08F8F5F7;
2CDC : FEFE0604;
2CDD : FB00FFFE;
2CDE : 0B0E0A06;
2CDF : FD04FD05;
2CE0 : 0204FEFC;
2CE1 : E9F2F202;
2CE2 : 07FAEAEE;
2CE3 : 01FF030C;
2CE4 : 01FD0000;
2CE5 : 020E1008;
2CE6 : FA13E9FB;
2CE7 : FFEFECEB;
2CE8 : 09F709FB;
2CE9 : 02F8F1F8;
2CEA : 0000FD04;
2CEB : 02010000;
2CEC : 0F0A0200;
2CED : 0CFAFF08;
2CEE : 0C01FC0A;
2CEF : 140C111E;
2CF0 : 01FB000B;
2CF1 : FF05FF01;
2CF2 : FDFAFF00;
2CF3 : 02FBF603;
2CF4 : 0C151910;
2CF5 : 091A1B08;
2CF6 : 12070810;
2CF7 : FEFF0B07;
2CF8 : FDFE0000;
2CF9 : 0300FE02;
2CFA : 05FF0403;
2CFB : FF080309;
2CFC : 02060100;
2CFD : 0404FFFB;
2CFE : 01FF0302;
2CFF : FF010104;
2D00 : 000601FF;
2D01 : FAFEFE01;
2D02 : FFFF0802;
2D03 : FF0300FB;
2D04 : 03FE0500;
2D05 : 01FEFCFF;
2D06 : 01020201;
2D07 : FD050001;
2D08 : 040205FE;
2D09 : FDFE0802;
2D0A : FD03FDFE;
2D0B : 0105FDFE;
2D0C : FEFE0108;
2D0D : 020006F9;
2D0E : FE0402FF;
2D0F : 05FF01FB;
2D10 : 05FF0003;
2D11 : 0203FF00;
2D12 : 01050600;
2D13 : FFFFFE04;
2D14 : 04FBFE00;
2D15 : FE02FFFD;
2D16 : FF000002;
2D17 : 00000202;
2D18 : FCFFFF01;
2D19 : 0300FFFF;
2D1A : 02020001;
2D1B : FCFC0402;
2D1C : FAFFFE02;
2D1D : 01020301;
2D1E : 0002FE00;
2D1F : FD05FFFF;
2D20 : 00010003;
2D21 : FB020300;
2D22 : FC070001;
2D23 : 00FFFFFE;
2D24 : 010205FF;
2D25 : 00FF0002;
2D26 : FDFCFFFC;
2D27 : 02FEFB05;
2D28 : 00050100;
2D29 : 00040000;
2D2A : FFFD0203;
2D2B : 030303FC;
2D2C : FB02FEFB;
2D2D : FDFBFB02;
2D2E : FEFEFDFF;
2D2F : FEFBFB00;
2D30 : FC040200;
2D31 : FF030003;
2D32 : 04FDFC03;
2D33 : FBFBFF04;
2D34 : 00FE01FF;
2D35 : FBFEFBFD;
2D36 : 00FE00FD;
2D37 : 01010000;
2D38 : 0001FF01;
2D39 : FCFD00FD;
2D3A : FAFCFC00;
2D3B : FFFFFDFD;
2D3C : FC0102FF;
2D3D : FE02FA02;
2D3E : 03FEFF01;
2D3F : 00030301;
2D40 : F80100FE;
2D41 : FDFEFE04;
2D42 : FDFDFEFC;
2D43 : F9FEFEFE;
2D44 : FE01FC00;
2D45 : FBFC02FB;
2D46 : FCFFFFFA;
2D47 : FCFEFF01;
2D48 : F80200FB;
2D49 : FE040001;
2D4A : FEFBFFFF;
2D4B : 04010001;
2D4C : FE0002FD;
2D4D : 010101FF;
2D4E : 01030205;
2D4F : FAFD04FD;
2D50 : 0100FBFD;
2D51 : 0203FB01;
2D52 : 00FFFCFE;
2D53 : FAFDFDFF;
2D54 : 0102FC00;
2D55 : 0202FB01;
2D56 : 00FB02FF;
2D57 : 01FFFDFD;
2D58 : FAFFFCFD;
2D59 : FD00FEFC;
2D5A : 00FCFEFD;
2D5B : 0004FE01;
2D5C : 01FE030A;
2D5D : FEFBFE04;
2D5E : 030001FE;
2D5F : 00FEFF00;
2D60 : 04020000;
2D61 : FE03FF01;
2D62 : 000101FF;
2D63 : 02FDFD01;
2D64 : 04FF01FE;
2D65 : 010205F9;
2D66 : FC0102FD;
2D67 : FFFAFC00;
2D68 : 02FD0304;
2D69 : FE00FFFF;
2D6A : 01FEFF05;
2D6B : 040402FE;
2D6C : F8010102;
2D6D : FCFEFFF9;
2D6E : 02FEFEFD;
2D6F : 02000201;
2D70 : FEFCFB03;
2D71 : FCFE0203;
2D72 : FDFD01F9;
2D73 : FD030404;
2D74 : FE01FFFA;
2D75 : FDFEFFFF;
2D76 : F9010201;
2D77 : 02000402;
2D78 : FD03FE02;
2D79 : FCFA06FD;
2D7A : FE01FFFF;
2D7B : FDFF00FD;
2D7C : 03FF05FE;
2D7D : FCFCFFFC;
2D7E : 00FD00FD;
2D7F : FCFFFDFF;
2D80 : FDFBFDFF;
2D81 : FEFF00FE;
2D82 : F9FD05FB;
2D83 : 02020301;
2D84 : 060101FF;
2D85 : 05FE00FF;
2D86 : FEFD0100;
2D87 : 03FB01FD;
2D88 : FCFF01FD;
2D89 : FFFD0100;
2D8A : 040001FC;
2D8B : 0000FD00;
2D8C : FFFEF9FE;
2D8D : FEFC0601;
2D8E : 07010001;
2D8F : FFFCFF03;
2D90 : FFFFFF02;
2D91 : 0200FE01;
2D92 : 00020002;
2D93 : 03000002;
2D94 : FC0101FE;
2D95 : FEFDF9FC;
2D96 : FBFBFEFB;
2D97 : 0000FE02;
2D98 : 0101FEFA;
2D99 : 07FF03FF;
2D9A : 0306FF04;
2D9B : 0101FFFD;
2D9C : FEFE0101;
2D9D : 0002FE00;
2D9E : FF02FEFC;
2D9F : 0000FEFF;
2DA0 : FF000303;
2DA1 : FAFEFF00;
2DA2 : FCFDFD04;
2DA3 : FFFF0004;
2DA4 : 000100FF;
2DA5 : 020000FB;
2DA6 : FF030403;
2DA7 : FF00FF01;
2DA8 : 04FFFFFD;
2DA9 : 010201FF;
2DAA : FC03FEFD;
2DAB : 0003FC01;
2DAC : FDFF0102;
2DAD : 0002FE01;
2DAE : 01FF0400;
2DAF : 00FF01FF;
2DB0 : FFFDFF06;
2DB1 : 00FDFEFB;
2DB2 : FF030201;
2DB3 : 0503FFFF;
2DB4 : 0101FF00;
2DB5 : FC0402FE;
2DB6 : FE04FFFF;
2DB7 : FF00FF04;
2DB8 : 0001FBFE;
2DB9 : 0402FFFA;
2DBA : FE0400FC;
2DBB : FEFEFE02;
2DBC : 010103FD;
2DBD : 01FAFBFD;
2DBE : 0301FF01;
2DBF : 00FDFC03;
2DC0 : 0200FE02;
2DC1 : 0000F9FE;
2DC2 : 00FEFF02;
2DC3 : 04FD0202;
2DC4 : 030400FD;
2DC5 : 020600FD;
2DC6 : 02FD03FC;
2DC7 : 020101FD;
2DC8 : 02FDFF02;
2DC9 : 05000102;
2DCA : FF000204;
2DCB : F8010406;
2DCC : 02FBFFFF;
2DCD : FF060000;
2DCE : 02030100;
2DCF : 05010602;
2DD0 : 0105FE04;
2DD1 : 02FEFFFD;
2DD2 : 00050201;
2DD3 : FDFFFFFF;
2DD4 : FEFC0102;
2DD5 : FEFBF904;
2DD6 : 0A0A06FB;
2DD7 : 0309130B;
2DD8 : FFFF01FA;
2DD9 : FB040200;
2DDA : 02030601;
2DDB : ECF1FB02;
2DDC : EAE8DDE3;
2DDD : 12170CF1;
2DDE : 161A1E0F;
2DDF : 0100FF0A;
2DE0 : 01FC01FC;
2DE1 : FFFEF8FC;
2DE2 : DAE7EDF3;
2DE3 : E8EAE0D8;
2DE4 : 0CFE00FB;
2DE5 : 241E1B07;
2DE6 : 0002FF08;
2DE7 : 03FE0000;
2DE8 : F9FC0000;
2DE9 : D7D8E8F0;
2DEA : EBF9F0D9;
2DEB : 0B0710F1;
2DEC : 150F0B07;
2DED : 0402FB08;
2DEE : 0005FE03;
2DEF : F900FEFC;
2DF0 : D6CEE3F4;
2DF1 : 04F7E9F2;
2DF2 : 1D160DFA;
2DF3 : 06050B24;
2DF4 : 0200FF04;
2DF5 : FA030203;
2DF6 : F9F6FC00;
2DF7 : E7E2EAFD;
2DF8 : 1D07FA0C;
2DF9 : 071302F3;
2DFA : 06080C22;
2DFB : 0307FFFF;
2DFC : FF010005;
2DFD : 0000FB00;
2DFE : F7D5DDF0;
2DFF : F1040D0D;
2E00 : E9F2E9F5;
2E01 : FDFCEBE6;
2E02 : 04FF0403;
2E03 : FB010104;
2E04 : F7F2FFFC;
2E05 : F5E8E1EF;
2E06 : FBE60901;
2E07 : BDBFD1F1;
2E08 : F3E7D0B9;
2E09 : 00FD0004;
2E0A : FC0001FF;
2E0B : F4F1FDFB;
2E0C : FBFCE6E6;
2E0D : 01F6050B;
2E0E : E1E7DD00;
2E0F : F2EFDBD2;
2E10 : 01FF05FE;
2E11 : FD03FD00;
2E12 : F4FFFCFC;
2E13 : 0305F1E8;
2E14 : 0902010D;
2E15 : 0407F006;
2E16 : F3EDF2E7;
2E17 : FF00FAFE;
2E18 : FB000000;
2E19 : F3F900FA;
2E1A : 1C0FFEF2;
2E1B : 010907F6;
2E1C : E6FE0E03;
2E1D : FAF300FE;
2E1E : FBFAF3F8;
2E1F : 0300FB04;
2E20 : FAFAFAFF;
2E21 : 0DFC08F0;
2E22 : 0212151A;
2E23 : DDEF0901;
2E24 : EFF1060A;
2E25 : FFF7F0ED;
2E26 : FFFD00FC;
2E27 : F4F1FA01;
2E28 : 101107F3;
2E29 : FF1307EF;
2E2A : F0FBE5F7;
2E2B : EBFB0612;
2E2C : FBFAFAF0;
2E2D : 00FDFC03;
2E2E : 03F604FF;
2E2F : F9FEFC13;
2E30 : 1310FFFF;
2E31 : 001503F5;
2E32 : F5FD1114;
2E33 : 01FBF3EC;
2E34 : FF0306FD;
2E35 : F6F6FCFC;
2E36 : FBF0F2FA;
2E37 : 0B030405;
2E38 : FF04FEFF;
2E39 : EDFDFB0C;
2E3A : FEFFF7F5;
2E3B : FAFE0404;
2E3C : F4FEFBFE;
2E3D : F117FE04;
2E3E : FF0BFCFC;
2E3F : 0B130002;
2E40 : F6FC0015;
2E41 : 00FFF7F3;
2E42 : F9FE0000;
2E43 : FBF9F405;
2E44 : 050403F6;
2E45 : 0401F808;
2E46 : FE0C0606;
2E47 : E9E7F7F9;
2E48 : 02FEFAEF;
2E49 : F200FD00;
2E4A : 03F8FCFF;
2E4B : 1809FC00;
2E4C : FAFCFB0C;
2E4D : FAFE04FC;
2E4E : F0E9F4FD;
2E4F : 050301FB;
2E50 : F9FEFE00;
2E51 : 01FA00F9;
2E52 : 121A02F9;
2E53 : 01F7F7F7;
2E54 : FFFB11EF;
2E55 : F4F1F502;
2E56 : 0400FFF8;
2E57 : FBFCFE02;
2E58 : F7F4FAF9;
2E59 : 160C0CF1;
2E5A : FEFE1A10;
2E5B : 090A0BFE;
2E5C : 00FCFBFE;
2E5D : FC02FC05;
2E5E : FC040303;
2E5F : FAF4F9FD;
2E60 : FC140FFE;
2E61 : 1A141C13;
2E62 : F6F1020F;
2E63 : 0206F9FA;
2E64 : FE0000FE;
2E65 : 0003FDFC;
2E66 : 0503FDFA;
2E67 : F7FDFBF6;
2E68 : 10FBF8FF;
2E69 : F6F2E8F0;
2E6A : 0002F901;
2E6B : FCFDFF00;
2E6C : 01010103;
2E6D : F4F5FEFD;
2E6E : 08FF0D01;
2E6F : 1105090A;
2E70 : FEF6F000;
2E71 : FD0303FF;
2E72 : FE03FF00;
2E73 : 03000001;
2E74 : F6F5F7FF;
2E75 : 050A0300;
2E76 : 10070901;
2E77 : 01020805;
2E78 : FE0102FE;
2E79 : FFFEFFFD;
2E7A : FCFD0203;
2E7B : 00000101;
2E7C : FBFFFF00;
2E7D : 0F0400FF;
2E7E : FB030406;
2E7F : 00FE03FE;
2E80 : 0100FE02;
2E81 : 0103FF01;
2E82 : 03000100;
2E83 : 05FEFDFF;
2E84 : FCFF0200;
2E85 : FC01FFFE;
2E86 : 0005FD06;
2E87 : 000200FE;
2E88 : FF020201;
2E89 : 0503FD02;
2E8A : FF0105FB;
2E8B : 0202FD00;
2E8C : 04FD0106;
2E8D : 0101FD04;
2E8E : FFFF0101;
2E8F : FD010103;
2E90 : FF030401;
2E91 : 01FEFF01;
2E92 : FE020303;
2E93 : FD0102FD;
2E94 : FF01FE01;
2E95 : FF000301;
2E96 : 0100FEFC;
2E97 : FF04FEFE;
2E98 : 03FFFFFD;
2E99 : FF03FD02;
2E9A : FE00FFFF;
2E9B : FEFEFEFE;
2E9C : FDFB0200;
2E9D : FEFF0002;
2E9E : 0000FD01;
2E9F : FD00FCFE;
2EA0 : FC01FC01;
2EA1 : FD03FC05;
2EA2 : 02FD02FA;
2EA3 : FCFFFE01;
2EA4 : 0001FDFD;
2EA5 : FF01FCFE;
2EA6 : FA01FEFF;
2EA7 : FCFFFCFD;
2EA8 : FDFFFCFC;
2EA9 : 040000FD;
2EAA : 02010000;
2EAB : 0600FF00;
2EAC : 010200FF;
2EAD : 01FDFD02;
2EAE : FC01FEFB;
2EAF : FEFCFBFE;
2EB0 : 040104FB;
2EB1 : FDFFFD00;
2EB2 : FFFFFDFE;
2EB3 : FCFFFD03;
2EB4 : FDFBFFFC;
2EB5 : FEFBFAFF;
2EB6 : 00FE0503;
2EB7 : 00020200;
2EB8 : FE03FD02;
2EB9 : 04FF0202;
2EBA : FD02FF00;
2EBB : FCFF0003;
2EBC : 0102FC00;
2EBD : 00FDF9FF;
2EBE : 00FD0100;
2EBF : FF03FE01;
2EC0 : FF00FFF9;
2EC1 : FF0001FE;
2EC2 : FB00FBFC;
2EC3 : 00FD00FC;
2EC4 : FDFF04FD;
2EC5 : 0200FCF8;
2EC6 : 01FEFE03;
2EC7 : FDFFFF01;
2EC8 : 0400FF03;
2EC9 : 03FE01FD;
2ECA : 00000105;
2ECB : FFFDFDFF;
2ECC : FB00FA01;
2ECD : 05090003;
2ECE : 010201FF;
2ECF : 00FFFFFC;
2ED0 : FD06FF01;
2ED1 : FBFDFAFE;
2ED2 : FB00FBFE;
2ED3 : FFFCFDFC;
2ED4 : 00FFFB02;
2ED5 : 01FFFDF9;
2ED6 : 03FEFF02;
2ED7 : FC00FE05;
2ED8 : FCFB02FB;
2ED9 : F900F9F7;
2EDA : FE00FF01;
2EDB : 04FDFD00;
2EDC : 02FCFDFE;
2EDD : 0101FD00;
2EDE : FAFD0502;
2EDF : FE02FC03;
2EE0 : FDFF01FB;
2EE1 : 02020001;
2EE2 : 02F90301;
2EE3 : FE0200FF;
2EE4 : 010000FE;
2EE5 : F9FCFFFE;
2EE6 : FAFEF9F9;
2EE7 : FCFAFEFA;
2EE8 : 010305FF;
2EE9 : FD00FD02;
2EEA : FE000104;
2EEB : 01FFFE02;
2EEC : FD00FEFD;
2EED : F5FFFCFD;
2EEE : FE0100FB;
2EEF : 03FDFDFB;
2EF0 : FDFCFDFF;
2EF1 : 0300FE00;
2EF2 : FD030101;
2EF3 : F9FE0101;
2EF4 : FDFDFCFA;
2EF5 : FEFEFEFB;
2EF6 : 01020300;
2EF7 : 02FE0300;
2EF8 : FF0101FF;
2EF9 : 02040400;
2EFA : FEFEFE05;
2EFB : FDFAFDFF;
2EFC : F8FEFDFD;
2EFD : FB0103FD;
2EFE : 000101FE;
2EFF : FDFB03FC;
2F00 : FA010000;
2F01 : FCFEFFFB;
2F02 : 02FCF9FD;
2F03 : FAFAFEFD;
2F04 : 01020200;
2F05 : FE000001;
2F06 : FE00FD04;
2F07 : FC0202FE;
2F08 : FAFF0200;
2F09 : FB02F9FA;
2F0A : FBFEF901;
2F0B : FCFDFAFC;
2F0C : FA0601FB;
2F0D : FFFF01FF;
2F0E : FF02FEFF;
2F0F : FB00FEFF;
2F10 : FCFE00FD;
2F11 : FDFCFC01;
2F12 : 020104FF;
2F13 : FEFFFE02;
2F14 : FE00FF07;
2F15 : FF0102FF;
2F16 : FA000102;
2F17 : 02FFFCFB;
2F18 : 00FEFCF9;
2F19 : 010101FF;
2F1A : FE0106FD;
2F1B : FFFDFF00;
2F1C : FAFEFF02;
2F1D : FEFB0101;
2F1E : FCFFFDFF;
2F1F : FDFDFDFB;
2F20 : FD000400;
2F21 : 0902FD03;
2F22 : 06030104;
2F23 : FA000501;
2F24 : FEFCFCFF;
2F25 : FC03FEFD;
2F26 : 0404FCFF;
2F27 : FC020002;
2F28 : FBFDFFFC;
2F29 : 03FD04FF;
2F2A : 00FE0005;
2F2B : FF00F901;
2F2C : FFFD01FC;
2F2D : 010100FD;
2F2E : FEFEFEFD;
2F2F : 0100FC03;
2F30 : FC01FCFC;
2F31 : 01030102;
2F32 : FD0003FD;
2F33 : FFFD04FF;
2F34 : FE01FDFD;
2F35 : FDFD0004;
2F36 : 000201F9;
2F37 : FFFD0102;
2F38 : FFFFFE01;
2F39 : 0304FE00;
2F3A : 0100FF06;
2F3B : 03FF0005;
2F3C : FD0500FD;
2F3D : FFFE0201;
2F3E : 0100FE03;
2F3F : FC01FFFF;
2F40 : 0101FCFE;
2F41 : 0203FF01;
2F42 : FC0300FC;
2F43 : 050401FC;
2F44 : 0201F905;
2F45 : FFFEFCFD;
2F46 : FF00FC01;
2F47 : 00FF0001;
2F48 : 01FE0603;
2F49 : FBFEFEFE;
2F4A : 04000600;
2F4B : FF050001;
2F4C : FD02FE00;
2F4D : 02000203;
2F4E : FD0300FB;
2F4F : FDFF0104;
2F50 : FEFB0102;
2F51 : FEFE0701;
2F52 : 03010001;
2F53 : 02FF00FB;
2F54 : FE01FC00;
2F55 : FD0302FF;
2F56 : FC030801;
2F57 : 030200FC;
2F58 : 01010106;
2F59 : FDFD01FC;
2F5A : 01020001;
2F5B : 030303FF;
2F5C : 0403FF02;
2F5D : FCFEFB04;
2F5E : 0704FBFF;
2F5F : 030305FD;
2F60 : 0101FEFF;
2F61 : 0202FFFD;
2F62 : 03FE0104;
2F63 : 0604040C;
2F64 : 08FEFC07;
2F65 : 0C09F7FD;
2F66 : 02F5FF05;
2F67 : FD000206;
2F68 : 00FD0103;
2F69 : 14070400;
2F6A : FE030710;
2F6B : 04EBF9FD;
2F6C : 040FF5FA;
2F6D : 00F90506;
2F6E : FB01000F;
2F6F : 06010100;
2F70 : 0A020301;
2F71 : EDF9FCFC;
2F72 : FF07FCF2;
2F73 : 0206F509;
2F74 : 040A070E;
2F75 : FBFF00FD;
2F76 : FB020100;
2F77 : 0702FF03;
2F78 : F3ED02FF;
2F79 : FE03F2FD;
2F7A : 00FFF701;
2F7B : 0506F901;
2F7C : 01020403;
2F7D : FD0002FD;
2F7E : FAF2060D;
2F7F : 0AFD0400;
2F80 : FF01EF07;
2F81 : 0F03FFFF;
2F82 : 0000F5F5;
2F83 : 01010503;
2F84 : F5F402FA;
2F85 : E6F4FBFF;
2F86 : FB04FA09;
2F87 : F8FEFB03;
2F88 : 1402E9E9;
2F89 : 090D0F11;
2F8A : 04FF0902;
2F8B : F4F5FCFC;
2F8C : F7FB030C;
2F8D : 08EBEA05;
2F8E : F7081500;
2F8F : FDF3FC09;
2F90 : 050B03F8;
2F91 : 04020A09;
2F92 : FEFCFC00;
2F93 : F3F4F509;
2F94 : F9F402F7;
2F95 : 04192608;
2F96 : 00FCFA0F;
2F97 : FCFCF5F2;
2F98 : 0104080F;
2F99 : FFF90203;
2F9A : F3F8F400;
2F9B : FC01F9FC;
2F9C : 05FB0508;
2F9D : FD121405;
2F9E : F7F0F2EE;
2F9F : 030100FE;
2FA0 : F7FDFEFE;
2FA1 : FBF4F4F8;
2FA2 : FAF9F5F0;
2FA3 : 1B141000;
2FA4 : FC030000;
2FA5 : F1F1F3EE;
2FA6 : FF03FFF8;
2FA7 : FD0006FE;
2FA8 : E9F3EEF3;
2FA9 : F4F1EEE8;
2FAA : 130F1015;
2FAB : 0603FD0F;
2FAC : F4F5FD05;
2FAD : FEFEFCF6;
2FAE : 00FC01FD;
2FAF : D4EEF1F9;
2FB0 : FDEBE5CB;
2FB1 : 0811090A;
2FB2 : 0F0E030B;
2FB3 : F5061117;
2FB4 : FF01F8F6;
2FB5 : FA01FCFF;
2FB6 : DAF90802;
2FB7 : D2C2C9DA;
2FB8 : 01FFF6F1;
2FB9 : 141304FC;
2FBA : 030A1620;
2FBB : 03FFFBF2;
2FBC : 01FDFE01;
2FBD : ED061406;
2FBE : C3C5D0EC;
2FBF : F8E6D9CF;
2FC0 : 1D14F5E6;
2FC1 : 020CFB18;
2FC2 : 01FDFAFE;
2FC3 : 0A030000;
2FC4 : 090B0D0E;
2FC5 : ECECF213;
2FC6 : E6E2E1DC;
2FC7 : 1BFC01F5;
2FC8 : F90104FD;
2FC9 : FFF8F4F2;
2FCA : 1603FDFD;
2FCB : 1A16160A;
2FCC : 19151525;
2FCD : 0101FE0C;
2FCE : 04FCEFF6;
2FCF : F6020CE6;
2FD0 : 00FCF7EE;
2FD1 : 0EFFFE02;
2FD2 : 0910160A;
2FD3 : 1F1D191C;
2FD4 : 03030F0D;
2FD5 : 01FD07FE;
2FD6 : 04FD02F6;
2FD7 : 0100FDF8;
2FD8 : 02FE0300;
2FD9 : F6FA0F00;
2FDA : FF031AFC;
2FDB : 080508F7;
2FDC : EC030902;
2FDD : F8F9FEFB;
2FDE : 0000FBF7;
2FDF : F5F80402;
2FE0 : FCF9F4E7;
2FE1 : 130C05FF;
2FE2 : F4030A12;
2FE3 : 02020EF7;
2FE4 : F7FAFAFD;
2FE5 : 00FF03F6;
2FE6 : FAFB03FE;
2FE7 : F9E8EFF0;
2FE8 : 09FF0D03;
2FE9 : 030B100B;
2FEA : 08F7FE0C;
2FEB : FBFC05F8;
2FEC : 01FFFE03;
2FED : 07FBFE01;
2FEE : E8F7FF00;
2FEF : 0405ECDF;
2FF0 : F8070003;
2FF1 : FD0AF8F6;
2FF2 : FCFCFFF7;
2FF3 : 05FE0105;
2FF4 : 09030102;
2FF5 : F0FA0002;
2FF6 : E8D9E7E7;
2FF7 : FD00F0F1;
2FF8 : E9F6F7F3;
2FF9 : F8FAFDF3;
2FFA : 0103FCFE;
2FFB : FC01FFFE;
2FFC : F9F8FD02;
2FFD : FBFCF7FC;
2FFE : F6F7FAF7;
2FFF : F3F5F3F0;
3000 : FB0201FC;
3001 : 0003FFFD;
3002 : 0000FB00;
3003 : FEFD0001;
3004 : 000002FF;
3005 : FCFBFFFF;
3006 : F7FBFCFA;
3007 : 01FE0201;
3008 : 0608FFFF;
3009 : 010200FF;
300A : FE020202;
300B : 010301FE;
300C : 0003FC01;
300D : FC0100FE;
300E : 03010000;
300F : FFFA01FF;
3010 : FE01FDFC;
3011 : FE020201;
3012 : 0200FD00;
3013 : FFFFFF05;
3014 : FAFD00FF;
3015 : 04FDFF02;
3016 : FF020201;
3017 : 010100FD;
3018 : FDFC0303;
3019 : 01FF00FA;
301A : FD01FEFC;
301B : 00FBF8FA;
301C : FDFDFBFE;
301D : FDFFFCFE;
301E : 02020103;
301F : FB0105FD;
3020 : F9FCFEFA;
3021 : 02F8F7F5;
3022 : F9F802FA;
3023 : 00FC01FC;
3024 : 020203FC;
3025 : 010300FD;
3026 : F60104FD;
3027 : 01F8F8F9;
3028 : E9F5E4EB;
3029 : F8F603F8;
302A : FBFD01FB;
302B : 03FEFC04;
302C : 02FCFD01;
302D : FA0403FF;
302E : F5F9F9F6;
302F : F7E8EDEC;
3030 : FCFCF0F9;
3031 : 0003FEFA;
3032 : FFFFFF05;
3033 : FC00FFFE;
3034 : 00FAFCFC;
3035 : F1F701FC;
3036 : 0909F4F1;
3037 : E2E8FEF3;
3038 : 0D03F6F0;
3039 : FFFC0203;
303A : FC03F802;
303B : 01FE0200;
303C : 05010603;
303D : FC02E9F2;
303E : F0FD19FB;
303F : 03110807;
3040 : 0502F5FB;
3041 : FBFCFF01;
3042 : F1FB06FE;
3043 : F6F903F7;
3044 : F8FDF5FE;
3045 : F1EC18FD;
3046 : 04FE0706;
3047 : 0101040A;
3048 : FDFEFE01;
3049 : E9F2FF03;
304A : 06FDF3F4;
304B : FB0906F6;
304C : EEFA04FA;
304D : 0003F5F9;
304E : FFFC0C13;
304F : FBFC00FE;
3050 : EFF3F9F4;
3051 : F5F5F8F2;
3052 : F7080AFB;
3053 : F9FFFDF2;
3054 : FCFF0008;
3055 : 03FCF0F7;
3056 : FEFCFE01;
3057 : 00EEF8FA;
3058 : 02020B02;
3059 : FEED061B;
305A : 09F9F2F3;
305B : EEFFEFEE;
305C : 02FFF9ED;
305D : F7F80704;
305E : 0A05F5F3;
305F : 1300131A;
3060 : EFFBDE1D;
3061 : F9FC0B00;
3062 : E900F9EE;
3063 : FBF9F6E3;
3064 : FD00FE00;
3065 : 0A07F6F6;
3066 : 18180F24;
3067 : 0E090A11;
3068 : 0BFCFAFC;
3069 : EAF70001;
306A : FFF9F6F0;
306B : F7FC02FF;
306C : 22FDF908;
306D : 0510080B;
306E : 1314170B;
306F : FA0B1400;
3070 : EBF8FC03;
3071 : 030002F9;
3072 : 00FBFF00;
3073 : 10EBFF0A;
3074 : FF001016;
3075 : 0F0D1710;
3076 : 0E12161F;
3077 : ECF50204;
3078 : FDFF07FC;
3079 : 0AFE04FC;
307A : 04FCFF0F;
307B : 11131009;
307C : 2106F51C;
307D : 0D0F2717;
307E : 050BFDF6;
307F : 000201F9;
3080 : 0503FEFF;
3081 : 19080801;
3082 : 16FAF711;
3083 : 190C0B1E;
3084 : 071E2215;
3085 : 0C021700;
3086 : 0203FAFE;
3087 : 0602FF00;
3088 : 08000A04;
3089 : 182D040A;
308A : 110A1E07;
308B : F7050818;
308C : 06FB0BF8;
308D : FF00FFF6;
308E : 0104FF02;
308F : 0505010C;
3090 : 0FFCFAFD;
3091 : FF0015F5;
3092 : E9E5F209;
3093 : EFEAFAF2;
3094 : 0302FCF2;
3095 : 04FFFFFC;
3096 : EAE8F801;
3097 : E6DDD5DE;
3098 : F3F5D3C6;
3099 : E2E9E5ED;
309A : F1EBF2D9;
309B : FE07FBF9;
309C : 04FAFD04;
309D : D2E0EC01;
309E : D2CDCDC6;
309F : E4FBE9D8;
30A0 : D60002F6;
30A1 : EDF5F7E3;
30A2 : 0000FCFB;
30A3 : FC000201;
30A4 : DEEBFCFD;
30A5 : E7F4F9EB;
30A6 : D5EDF201;
30A7 : DCF7EFF4;
30A8 : F4F6FBE7;
30A9 : 00FEF5F4;
30AA : 03FFFD02;
30AB : E6F4F6F9;
30AC : F2FDEBF3;
30AD : E3F2E5EA;
30AE : E8ECFBEF;
30AF : F1FD00F9;
30B0 : FDFFFDF4;
30B1 : 0402FD02;
30B2 : FE00EFF5;
30B3 : F6EFECFA;
30B4 : E9FBFEEF;
30B5 : FDFFFAED;
30B6 : FAFD0203;
30B7 : 0101FCFA;
30B8 : FEFF0202;
30B9 : 1001FFFD;
30BA : F0F00509;
30BB : E1FC00EF;
30BC : 05FCF5F6;
30BD : 02020809;
30BE : FD02FFFD;
30BF : FE01FE00;
30C0 : 00000402;
30C1 : FCF3FC00;
30C2 : FC09F9F6;
30C3 : EBFDFD04;
30C4 : 00FCFEF8;
30C5 : FD0103F9;
30C6 : FC020203;
30C7 : 07050200;
30C8 : FF010102;
30C9 : 080CFD04;
30CA : FAF8F605;
30CB : FFFC04FE;
30CC : 05010006;
30CD : FE000404;
30CE : FE00FE00;
30CF : FFFF01FD;
30D0 : 0507FD00;
30D1 : 02FFFB04;
30D2 : 01FDFD00;
30D3 : FF0102FF;
30D4 : 07FDFFFF;
30D5 : 00040006;
30D6 : 01FE0000;
30D7 : 0201FD01;
30D8 : FCFB0200;
30D9 : FA020003;
30DA : FDFE0102;
30DB : 00FDFF00;
30DC : FFFFFE00;
30DD : 02FEFB00;
30DE : 07FD00FC;
30DF : 0000FB01;
30E0 : FF00FD00;
30E1 : 00FEFD04;
30E2 : FF0400FF;
30E3 : FDFFFE01;
30E4 : FB010102;
30E5 : FBFC0100;
30E6 : FEF9FFFE;
30E7 : 03FE0202;
30E8 : FF000503;
30E9 : 0100FE00;
30EA : FDFDFFFC;
30EB : FDFC01FE;
30EC : 0904FDFB;
30ED : F8FB0611;
30EE : 04030201;
30EF : 0002FC00;
30F0 : 00020303;
30F1 : FB02FE00;
30F2 : 04F1FAF4;
30F3 : 08FF03F7;
30F4 : FA131B13;
30F5 : F801F806;
30F6 : 03FEF7F0;
30F7 : 0104FC00;
30F8 : F9FD0100;
30F9 : FFF7F1F9;
30FA : 05FB01FE;
30FB : 04181B11;
30FC : EC010EFF;
30FD : 0002FEF2;
30FE : FE01FEFD;
30FF : FAF403FC;
3100 : 0702E8F0;
3101 : F6F7FBFE;
3102 : 082725FB;
3103 : FA1A1C06;
3104 : FEFEF3EF;
3105 : 01FFFF03;
3106 : F9F4FB02;
3107 : 0B0A00E3;
3108 : F0EBF2FD;
3109 : 1F3213F9;
310A : 0C090703;
310B : FEF90706;
310C : 02FE0501;
310D : F8F2EDF8;
310E : F7F906F5;
310F : 0F05EBF5;
3110 : 24120009;
3111 : 070E020B;
3112 : 05FBFDFE;
3113 : 02FEFC03;
3114 : F7F8F9F9;
3115 : E3FBF2FE;
3116 : FFF7F8F4;
3117 : 2610E7DC;
3118 : 0F030D36;
3119 : FAFCEB03;
311A : F9050301;
311B : 00ECF8F8;
311C : FFFD01FD;
311D : 00F1EBFD;
311E : 040300EB;
311F : 1827141B;
3120 : 02F6F0FC;
3121 : FF000501;
3122 : 0BF7E7F6;
3123 : 14030911;
3124 : EF01FFF7;
3125 : FFF7EEE2;
3126 : 191D0713;
3127 : FEFEFEFE;
3128 : FF0201FE;
3129 : 0E0DEFF7;
312A : 10090100;
312B : E7F60005;
312C : 05F7E5D6;
312D : 1512F4F9;
312E : FD030410;
312F : FDF90204;
3130 : 110FF8FD;
3131 : FB100117;
3132 : EDF6FEFC;
3133 : F5F4E7DE;
3134 : 100DFEF9;
3135 : 0001030B;
3136 : F70401FF;
3137 : 0F0E18FE;
3138 : 0D030707;
3139 : EBF50406;
313A : 0CFFF2EC;
313B : FC000505;
313C : 01FF0110;
313D : F8FF0301;
313E : 05F82107;
313F : 080207F9;
3140 : F8E2EB0C;
3141 : 0207F3FA;
3142 : 0E11FE09;
3143 : 04FFFE0D;
3144 : F5FDFE02;
3145 : 07F91711;
3146 : EFF30A0F;
3147 : F9EED3DF;
3148 : FDFA03FC;
3149 : 0208FE08;
314A : 0002F8FB;
314B : F0FDFEFE;
314C : 0D000704;
314D : DB05161B;
314E : FCFFFDE7;
314F : 05F5F7F8;
3150 : FD01F5FC;
3151 : 00FBFCFF;
3152 : EEFB00FF;
3153 : 0C0002F8;
3154 : DAFA2D2A;
3155 : 0404EAD4;
3156 : EEF70A07;
3157 : 0709FAF5;
3158 : 0202F4F9;
3159 : F70603FF;
315A : 0B0701FE;
315B : F3F3181E;
315C : 03F20305;
315D : F2F4FDFE;
315E : FD0FFBF1;
315F : 0301F8F8;
3160 : FB0101FE;
3161 : 08F80706;
3162 : 01181616;
3163 : EEDEF602;
3164 : EFF1F9E5;
3165 : F4FBF9E0;
3166 : 0000FCEF;
3167 : 07FEFBFE;
3168 : 00020604;
3169 : 0D281205;
316A : 00E0EAF2;
316B : E3EFF6FA;
316C : F2FCEFEA;
316D : FCFDFCF8;
316E : 060402FF;
316F : 0C0F05FE;
3170 : 081B1C18;
3171 : F4F1050C;
3172 : F4F50AFE;
3173 : F5F7E5E5;
3174 : 01FFFBF3;
3175 : FD000201;
3176 : 1109F7FA;
3177 : 130F080F;
3178 : 0C090B03;
3179 : E7ED0D07;
317A : F8FBE9E0;
317B : 00FE0102;
317C : FFFF0301;
317D : FF010300;
317E : 0D0A0303;
317F : F9FD0419;
3180 : F0F9FDF0;
3181 : FFFDFAFA;
3182 : 00FF01FF;
3183 : FBFF01FB;
3184 : FFFBFCFE;
3185 : FF00FF03;
3186 : FEF5F6F2;
3187 : F8EEF2FC;
3188 : FF00FEFB;
3189 : 01FEFFFD;
318A : 03FCF6FE;
318B : 00F7FDFC;
318C : 03FF0001;
318D : 02FE00FF;
318E : FFFCFFFA;
318F : 00000500;
3190 : 01000000;
3191 : 0002FB02;
3192 : FFFA0102;
3193 : FEFF000A;
3194 : 0201FEFC;
3195 : FE010000;
3196 : 010101FE;
3197 : FDFF0203;
[3198..3FFF] : 00000000;
END;
